id,api_football_id,date,league_id,home_team_id,away_team_id,goals_home,goals_away,status,referee_name,referee_api_id,created_at,updated_at
151250,723370,2021-07-11 19:00:00+00,79,1966,1902,1,1,PEN,B. Kuipers,,2026-02-27 00:01:51.060209+00,2026-03-10 12:10:35.615355+00
153398,723368,2021-07-10 00:00:00+00,81,2635,2629,3,2,FT,Raphael Claus,,2026-02-27 00:01:51.060209+00,2026-03-10 12:10:40.22755+00
151248,721122,2021-07-06 19:00:00+00,79,1966,1930,1,1,PEN,F. Brych,,2026-02-27 00:01:51.060209+00,2026-03-10 12:10:43.762894+00
153394,721124,2021-07-05 23:00:00+00,81,1924,2629,1,0,FT,R. Tobar,,2026-02-27 00:01:51.060209+00,2026-03-10 12:10:43.762894+00
151249,721123,2021-07-07 19:00:00+00,79,1902,1908,2,1,AET,D. Makkelie,,2026-02-27 00:01:51.060209+00,2026-03-10 12:10:42.606677+00
153396,721125,2021-07-07 01:00:00+00,81,1906,2635,1,1,PEN,J. Valenzuela,,2026-02-27 00:01:51.060209+00,2026-03-10 12:10:42.606677+00
151245,718242,2021-07-02 19:00:00+00,79,1916,1966,1,2,FT,S. Vinčić,,2026-02-27 00:01:51.060209+00,2026-03-10 12:10:50.623604+00
151246,718243,2021-07-02 16:00:00+00,79,1918,1930,1,1,PEN,M. Oliver,,2026-02-27 00:01:51.060209+00,2026-03-10 12:10:50.623604+00
153386,718248,2021-07-02 21:00:00+00,81,2629,2636,3,3,PEN,E. Ostojich,,2026-02-27 00:01:51.060209+00,2026-03-10 12:10:50.623604+00
153388,718249,2021-07-03 00:00:00+00,81,1924,2630,1,0,FT,P. Loustau,,2026-02-27 00:01:51.060209+00,2026-03-10 12:10:50.623604+00
153392,718251,2021-07-04 01:00:00+00,81,1906,1905,3,0,FT,Wilton Pereira Sampaio,,2026-02-27 00:01:51.060209+00,2026-03-10 12:10:48.334735+00
151244,718186,2021-07-03 16:00:00+00,79,1971,1908,1,2,FT,B. Kuipers,,2026-02-27 00:01:51.060209+00,2026-03-10 12:10:49.483585+00
151247,718252,2021-07-03 19:00:00+00,79,1973,1902,0,4,FT,F. Brych,,2026-02-27 00:01:51.060209+00,2026-03-10 12:10:49.483585+00
153390,718250,2021-07-03 22:00:00+00,81,1920,2635,0,0,PEN,Jesús Gil,,2026-02-27 00:01:51.060209+00,2026-03-10 12:10:49.483585+00
151242,713475,2021-06-29 16:00:00+00,79,1902,1914,2,0,FT,D. Makkelie,,2026-02-27 00:01:51.060209+00,2026-03-10 12:10:55.249419+00
151243,713476,2021-06-29 19:00:00+00,79,1996,1973,1,2,AET,D. Orsato,,2026-02-27 00:01:51.060209+00,2026-03-10 12:10:55.249419+00
153362,312569,2021-06-29 00:00:00+00,81,2633,1906,1,4,FT,A. Rojas,,2026-02-27 00:01:51.060209+00,2026-03-10 12:10:55.249419+00
151239,713472,2021-06-28 16:00:00+00,79,1913,1930,3,5,AET,C. Çakιr,,2026-02-27 00:01:51.060209+00,2026-03-10 12:10:56.415262+00
151241,713474,2021-06-28 19:00:00+00,79,1928,1918,3,3,PEN,F. Rapallini,,2026-02-27 00:01:51.060209+00,2026-03-10 12:10:56.415262+00
151240,713473,2021-06-27 19:00:00+00,79,1916,1922,1,0,FT,F. Brych,,2026-02-27 00:01:51.060209+00,2026-03-10 12:10:57.548896+00
153363,312572,2021-06-27 21:00:00+00,81,1924,1905,1,1,FT,R. Tobar,,2026-02-27 00:01:51.060209+00,2026-03-10 12:10:57.548896+00
153364,312573,2021-06-27 21:00:00+00,81,2631,2629,0,1,FT,P. Loustau,,2026-02-27 00:01:51.060209+00,2026-03-10 12:10:57.548896+00
151238,713471,2021-06-27 16:00:00+00,79,1901,1971,0,2,FT,S. Karasev,,2026-02-27 00:01:51.060209+00,2026-03-10 12:10:58.68306+00
151217,713161,2021-06-26 19:00:00+00,79,1966,1969,2,1,AET,A. Taylor,,2026-02-27 00:01:51.060209+00,2026-03-10 12:10:59.868446+00
151216,713160,2021-06-26 16:00:00+00,79,1927,1908,0,4,FT,D. Siebert,,2026-02-27 00:01:51.060209+00,2026-03-10 12:11:01.094449+00
151174,657688,2021-06-16 19:00:00+00,79,1966,1918,3,0,FT,S. Karasev,,2026-02-27 00:01:51.060209+00,2026-03-10 12:11:16.609388+00
151175,657689,2021-06-17 13:00:00+00,79,1973,1984,2,1,FT,F. Rapallini,,2026-02-27 00:01:51.060209+00,2026-03-10 12:11:16.609388+00
153357,312562,2021-06-25 00:00:00+00,81,2630,2636,0,2,FT,W. Roldán,,2026-02-27 00:01:51.060209+00,2026-03-10 12:11:02.30917+00
153358,312563,2021-06-24 21:00:00+00,81,2633,1920,0,2,FT,A. Herrera,,2026-02-27 00:01:51.060209+00,2026-03-10 12:11:03.47543+00
153359,312565,2021-06-24 00:00:00+00,81,1924,2635,2,1,FT,N. Pitana,,2026-02-27 00:01:51.060209+00,2026-03-10 12:11:04.656843+00
153360,312566,2021-06-23 21:00:00+00,81,1905,2629,2,2,FT,Jesús Gil,,2026-02-27 00:01:51.060209+00,2026-03-10 12:11:05.84151+00
151198,657692,2021-06-18 13:00:00+00,79,1996,1970,1,0,FT,D. Siebert,,2026-02-27 00:01:51.060209+00,2026-03-10 12:11:14.218185+00
151199,657693,2021-06-18 16:00:00+00,79,1913,1971,1,1,FT,Carlos del Cerro,,2026-02-27 00:01:51.060209+00,2026-03-10 12:11:14.218185+00
151200,657694,2021-06-18 19:00:00+00,79,1902,1964,0,0,FT,Antonio Mateu,,2026-02-27 00:01:51.060209+00,2026-03-10 12:11:14.218185+00
153351,312556,2021-06-22 00:00:00+00,81,1906,2636,1,0,FT,J. Valenzuela,,2026-02-27 00:01:51.060209+00,2026-03-10 12:11:08.241879+00
153353,312557,2021-06-21 21:00:00+00,81,1920,2630,1,1,FT,Raphael Claus,,2026-02-27 00:01:51.060209+00,2026-03-10 12:11:08.241879+00
153355,312558,2021-06-21 00:00:00+00,81,2635,2629,1,2,FT,E. Ostojich,,2026-02-27 00:01:51.060209+00,2026-03-10 12:11:08.241879+00
153356,312560,2021-06-20 21:00:00+00,81,2631,1905,2,2,FT,R. Tobar,,2026-02-27 00:01:51.060209+00,2026-03-10 12:11:08.241879+00
153343,312550,2021-06-19 00:00:00+00,81,1906,1920,1,0,FT,Wilton Pereira Sampaio,,2026-02-27 00:01:51.060209+00,2026-03-10 12:11:14.218185+00
153345,312551,2021-06-18 21:00:00+00,81,2630,2633,1,0,FT,Jesús Gil,,2026-02-27 00:01:51.060209+00,2026-03-10 12:11:14.218185+00
151176,657690,2021-06-17 16:00:00+00,79,1908,1916,1,2,FT,B. Kuipers,,2026-02-27 00:01:51.060209+00,2026-03-10 12:11:15.371431+00
153347,312553,2021-06-17 21:00:00+00,81,2635,2631,0,0,FT,E. Aquino,,2026-02-27 00:01:51.060209+00,2026-03-10 12:11:15.371431+00
153349,312554,2021-06-18 00:00:00+00,81,1924,2629,4,0,FT,P. Loustau,,2026-02-27 00:01:51.060209+00,2026-03-10 12:11:15.371431+00
151170,657684,2021-06-15 16:00:00+00,79,1965,1922,0,3,FT,C. Çakιr,,2026-02-27 00:01:51.060209+00,2026-03-10 12:11:17.848131+00
151171,657685,2021-06-15 19:00:00+00,79,1928,1914,1,0,FT,Carlos del Cerro,,2026-02-27 00:01:51.060209+00,2026-03-10 12:11:17.848131+00
151172,657686,2021-06-16 13:00:00+00,79,2002,1986,0,1,FT,D. Makkelie,,2026-02-27 00:01:51.060209+00,2026-03-10 12:11:17.848131+00
151173,657687,2021-06-16 16:00:00+00,79,1974,1927,0,2,FT,Artur Soares Dias,,2026-02-27 00:01:51.060209+00,2026-03-10 12:11:17.848131+00
151167,657681,2021-06-14 13:00:00+00,79,1964,1971,0,2,FT,D. Siebert,,2026-02-27 00:01:51.060209+00,2026-03-10 12:11:19.20728+00
151168,657682,2021-06-14 16:00:00+00,79,1911,1970,1,2,FT,O. Hațegan,,2026-02-27 00:01:51.060209+00,2026-03-10 12:11:19.20728+00
151169,657683,2021-06-14 19:00:00+00,79,1930,1996,0,0,FT,S. Vinčić,,2026-02-27 00:01:51.060209+00,2026-03-10 12:11:19.20728+00
153336,312546,2021-06-15 00:00:00+00,81,2636,2633,3,1,FT,D. Haro,,2026-02-27 00:01:51.060209+00,2026-03-10 12:11:19.20728+00
153339,312547,2021-06-14 00:00:00+00,81,2635,1905,1,0,FT,N. Pitana,,2026-02-27 00:01:51.060209+00,2026-03-10 12:11:19.20728+00
151166,657680,2021-06-13 19:00:00+00,79,1901,1973,3,2,FT,F. Brych,,2026-02-27 00:01:51.060209+00,2026-03-10 12:11:20.445299+00
153341,312548,2021-06-13 21:00:00+00,81,1924,2631,3,0,FT,E. Ostojich,,2026-02-27 00:01:51.060209+00,2026-03-10 12:11:20.445299+00
151164,657678,2021-06-13 13:00:00+00,79,1902,1913,1,0,FT,D. Orsato,,2026-02-27 00:01:51.060209+00,2026-03-10 12:11:21.621683+00
151165,657679,2021-06-13 16:00:00+00,79,1969,1984,3,1,FT,A. Ekberg,,2026-02-27 00:01:51.060209+00,2026-03-10 12:11:21.621683+00
151161,657675,2021-06-12 13:00:00+00,79,1927,1918,1,1,FT,C. Turpin,,2026-02-27 00:01:51.060209+00,2026-03-10 12:11:23.946255+00
151162,657676,2021-06-12 16:00:00+00,79,1908,2002,0,1,FT,A. Taylor,,2026-02-27 00:01:51.060209+00,2026-03-10 12:11:23.946255+00
151163,657677,2021-06-12 19:00:00+00,79,1916,1986,3,0,FT,Antonio Mateu,,2026-02-27 00:01:51.060209+00,2026-03-10 12:11:23.946255+00
151160,657674,2021-06-11 19:00:00+00,79,1974,1966,0,3,FT,D. Makkelie,,2026-02-27 00:01:51.060209+00,2026-03-10 12:11:25.105229+00
349410,135777,2018-06-14 15:00:00+00,78,1986,1907,5,0,FT,,,2026-02-27 00:01:51.060209+00,2026-02-27 00:01:51.060209+00
349411,135778,2018-06-15 12:00:00+00,78,2712,1920,0,1,FT,,,2026-02-27 00:01:51.060209+00,2026-02-27 00:01:51.060209+00
349412,135779,2018-06-15 15:00:00+00,78,1912,1903,0,1,FT,,,2026-02-27 00:01:51.060209+00,2026-02-27 00:01:51.060209+00
349413,135780,2018-06-15 18:00:00+00,78,1922,1930,3,3,FT,,,2026-02-27 00:01:51.060209+00,2026-02-27 00:01:51.060209+00
349414,135781,2018-06-16 10:00:00+00,78,1928,1929,2,1,FT,,,2026-02-27 00:01:51.060209+00,2026-02-27 00:01:51.060209+00
349415,135782,2018-06-16 13:00:00+00,78,1906,1993,1,1,FT,,,2026-02-27 00:01:51.060209+00,2026-02-27 00:01:51.060209+00
349416,135783,2018-06-16 16:00:00+00,78,2629,1908,0,1,FT,,,2026-02-27 00:01:51.060209+00,2026-02-27 00:01:51.060209+00
349417,135784,2018-06-16 19:00:00+00,78,1913,2710,2,0,FT,,,2026-02-27 00:01:51.060209+00,2026-02-27 00:01:51.060209+00
349418,135785,2018-06-17 12:00:00+00,78,1931,1925,0,1,FT,,,2026-02-27 00:01:51.060209+00,2026-02-27 00:01:51.060209+00
349419,135786,2018-06-17 15:00:00+00,78,1914,1910,0,1,FT,,,2026-02-27 00:01:51.060209+00,2026-02-27 00:01:51.060209+00
349420,135787,2018-06-17 18:00:00+00,78,1924,1918,1,1,FT,,,2026-02-27 00:01:51.060209+00,2026-02-27 00:01:51.060209+00
349421,135788,2018-06-18 12:00:00+00,78,1996,1921,1,0,FT,,,2026-02-27 00:01:51.060209+00,2026-02-27 00:01:51.060209+00
349422,135789,2018-06-18 15:00:00+00,78,1916,2634,3,0,FT,,,2026-02-27 00:01:51.060209+00,2026-02-27 00:01:51.060209+00
349423,135790,2018-06-18 18:00:00+00,78,1909,1902,1,2,FT,,,2026-02-27 00:01:51.060209+00,2026-02-27 00:01:51.060209+00
349424,135791,2018-06-19 12:00:00+00,78,2635,1915,1,2,FT,,,2026-02-27 00:01:51.060209+00,2026-02-27 00:01:51.060209+00
349425,135792,2018-06-19 15:00:00+00,78,1911,1900,1,2,FT,,,2026-02-27 00:01:51.060209+00,2026-02-27 00:01:51.060209+00
349426,135793,2018-06-19 18:00:00+00,78,1986,2712,3,1,FT,,,2026-02-27 00:01:51.060209+00,2026-02-27 00:01:51.060209+00
349427,135794,2018-06-20 12:00:00+00,78,1922,1912,1,0,FT,,,2026-02-27 00:01:51.060209+00,2026-02-27 00:01:51.060209+00
349428,135795,2018-06-20 15:00:00+00,78,1920,1907,1,0,FT,,,2026-02-27 00:01:51.060209+00,2026-02-27 00:01:51.060209+00
349429,135796,2018-06-20 18:00:00+00,78,1903,1930,0,1,FT,,,2026-02-27 00:01:51.060209+00,2026-02-27 00:01:51.060209+00
349430,135797,2018-06-21 12:00:00+00,78,1908,1929,1,1,FT,,,2026-02-27 00:01:51.060209+00,2026-02-27 00:01:51.060209+00
349431,135798,2018-06-21 15:00:00+00,78,1928,2629,1,0,FT,,,2026-02-27 00:01:51.060209+00,2026-02-27 00:01:51.060209+00
349432,135799,2018-06-21 18:00:00+00,78,1906,1913,0,3,FT,,,2026-02-27 00:01:51.060209+00,2026-02-27 00:01:51.060209+00
349433,135800,2018-06-22 12:00:00+00,78,1924,1931,2,0,FT,,,2026-02-27 00:01:51.060209+00,2026-02-27 00:01:51.060209+00
349434,135801,2018-06-22 15:00:00+00,78,2710,1993,2,0,FT,,,2026-02-27 00:01:51.060209+00,2026-02-27 00:01:51.060209+00
349435,135802,2018-06-22 18:00:00+00,78,1925,1918,1,2,FT,,,2026-02-27 00:01:51.060209+00,2026-02-27 00:01:51.060209+00
349436,135803,2018-06-23 12:00:00+00,78,1916,1909,5,2,FT,,,2026-02-27 00:01:51.060209+00,2026-02-27 00:01:51.060209+00
349437,135804,2018-06-23 15:00:00+00,78,1921,1910,1,2,FT,,,2026-02-27 00:01:51.060209+00,2026-02-27 00:01:51.060209+00
349438,135805,2018-06-23 18:00:00+00,78,1914,1996,2,1,FT,,,2026-02-27 00:01:51.060209+00,2026-02-27 00:01:51.060209+00
349439,135806,2018-06-24 12:00:00+00,78,1902,2634,6,1,FT,,,2026-02-27 00:01:51.060209+00,2026-02-27 00:01:51.060209+00
349440,135807,2018-06-24 15:00:00+00,78,1915,1900,2,2,FT,,,2026-02-27 00:01:51.060209+00,2026-02-27 00:01:51.060209+00
349441,135808,2018-06-24 18:00:00+00,78,1911,2635,0,3,FT,,,2026-02-27 00:01:51.060209+00,2026-02-27 00:01:51.060209+00
349442,135809,2018-06-25 14:00:00+00,78,1920,1986,3,0,FT,,,2026-02-27 00:01:51.060209+00,2026-02-27 00:01:51.060209+00
349443,135810,2018-06-25 14:00:00+00,78,1907,2712,2,1,FT,,,2026-02-27 00:01:51.060209+00,2026-02-27 00:01:51.060209+00
349444,135811,2018-06-25 18:00:00+00,78,1903,1922,1,1,FT,,,2026-02-27 00:01:51.060209+00,2026-02-27 00:01:51.060209+00
349445,135812,2018-06-25 18:00:00+00,78,1930,1912,2,2,FT,,,2026-02-27 00:01:51.060209+00,2026-02-27 00:01:51.060209+00
349446,135813,2018-06-26 14:00:00+00,78,1908,1928,0,0,FT,,,2026-02-27 00:01:51.060209+00,2026-02-27 00:01:51.060209+00
349447,135814,2018-06-26 14:00:00+00,78,1929,2629,0,2,FT,,,2026-02-27 00:01:51.060209+00,2026-02-27 00:01:51.060209+00
349448,135815,2018-06-26 18:00:00+00,78,2710,1906,1,2,FT,,,2026-02-27 00:01:51.060209+00,2026-02-27 00:01:51.060209+00
349449,135816,2018-06-26 18:00:00+00,78,1993,1913,1,2,FT,,,2026-02-27 00:01:51.060209+00,2026-02-27 00:01:51.060209+00
349450,135761,2018-06-30 14:00:00+00,78,1928,1906,4,3,FT,,,2026-02-27 00:01:51.060209+00,2026-02-27 00:01:51.060209+00
349451,135762,2018-06-30 18:00:00+00,78,1920,1922,2,1,FT,,,2026-02-27 00:01:51.060209+00,2026-02-27 00:01:51.060209+00
349452,135763,2018-07-01 14:00:00+00,78,1930,1986,1,1,PEN,,,2026-02-27 00:01:51.060209+00,2026-02-27 00:01:51.060209+00
349453,135764,2018-07-01 18:00:00+00,78,1913,1908,1,1,PEN,,,2026-02-27 00:01:51.060209+00,2026-02-27 00:01:51.060209+00
349454,135765,2018-07-02 14:00:00+00,78,1924,1910,2,0,FT,,,2026-02-27 00:01:51.060209+00,2026-02-27 00:01:51.060209+00
349455,135766,2018-07-02 18:00:00+00,78,1916,1915,3,2,FT,,,2026-02-27 00:01:51.060209+00,2026-02-27 00:01:51.060209+00
349456,135767,2018-07-03 14:00:00+00,78,1996,1918,1,0,FT,,,2026-02-27 00:01:51.060209+00,2026-02-27 00:01:51.060209+00
349457,135768,2018-07-03 18:00:00+00,78,2635,1902,1,1,PEN,,,2026-02-27 00:01:51.060209+00,2026-02-27 00:01:51.060209+00
349458,135769,2018-07-06 14:00:00+00,78,1920,1928,0,2,FT,,,2026-02-27 00:01:51.060209+00,2026-02-27 00:01:51.060209+00
349459,135770,2018-07-06 18:00:00+00,78,1924,1916,1,2,FT,,,2026-02-27 00:01:51.060209+00,2026-02-27 00:01:51.060209+00
349460,135771,2018-07-07 14:00:00+00,78,1996,1902,0,2,FT,,,2026-02-27 00:01:51.060209+00,2026-02-27 00:01:51.060209+00
349461,135772,2018-07-07 18:00:00+00,78,1986,1913,2,2,PEN,,,2026-02-27 00:01:51.060209+00,2026-02-27 00:01:51.060209+00
349462,135817,2018-06-27 14:00:00+00,78,1921,1914,2,0,FT,,,2026-02-27 00:01:51.060209+00,2026-02-27 00:01:51.060209+00
349463,135818,2018-06-27 14:00:00+00,78,1910,1996,0,3,FT,,,2026-02-27 00:01:51.060209+00,2026-02-27 00:01:51.060209+00
349464,135819,2018-06-27 18:00:00+00,78,1925,1924,0,2,FT,,,2026-02-27 00:01:51.060209+00,2026-02-27 00:01:51.060209+00
349465,135820,2018-06-27 18:00:00+00,78,1918,1931,2,2,FT,,,2026-02-27 00:01:51.060209+00,2026-02-27 00:01:51.060209+00
349466,135821,2018-06-28 14:00:00+00,78,1915,1911,0,1,FT,,,2026-02-27 00:01:51.060209+00,2026-02-27 00:01:51.060209+00
349467,135822,2018-06-28 14:00:00+00,78,1900,2635,0,1,FT,,,2026-02-27 00:01:51.060209+00,2026-02-27 00:01:51.060209+00
349468,135823,2018-06-28 18:00:00+00,78,1902,1916,0,1,FT,,,2026-02-27 00:01:51.060209+00,2026-02-27 00:01:51.060209+00
349469,135824,2018-06-28 18:00:00+00,78,2634,1909,1,2,FT,,,2026-02-27 00:01:51.060209+00,2026-02-27 00:01:51.060209+00
349470,135773,2018-07-10 18:00:00+00,78,1928,1916,1,0,FT,,,2026-02-27 00:01:51.060209+00,2026-02-27 00:01:51.060209+00
349471,135774,2018-07-11 18:00:00+00,78,1913,1902,2,1,AET,,,2026-02-27 00:01:51.060209+00,2026-02-27 00:01:51.060209+00
349472,135775,2018-07-14 14:00:00+00,78,1916,1902,2,0,FT,,,2026-02-27 00:01:51.060209+00,2026-02-27 00:01:51.060209+00
349473,135776,2018-07-15 15:00:00+00,78,1928,1913,4,2,FT,,,2026-02-27 00:01:51.060209+00,2026-02-27 00:01:51.060209+00
150249,855742,2022-11-23 19:00:00+00,78,1916,1917,1,0,FT,J. Sikazwe,,2026-02-27 00:01:51.060209+00,2026-03-07 22:30:51.550111+00
150250,855743,2022-11-24 10:00:00+00,78,1918,1919,1,0,FT,F. Tello,,2026-02-27 00:01:51.060209+00,2026-03-07 22:30:51.550111+00
150251,855744,2022-11-24 13:00:00+00,78,1920,1921,0,0,FT,C. Turpin,,2026-02-27 00:01:51.060209+00,2026-03-07 22:30:51.550111+00
150242,855735,2022-11-21 13:00:00+00,78,1902,1903,6,2,FT,Raphael Claus,,2026-02-27 00:01:51.060209+00,2026-03-07 22:30:52.695501+00
150244,855737,2022-11-22 10:00:00+00,78,1906,1907,1,2,FT,S. Vinčić,,2026-02-27 00:01:51.060209+00,2026-03-07 22:30:52.695501+00
150245,855738,2022-11-22 13:00:00+00,78,1908,1909,0,0,FT,C. Ramos,,2026-02-27 00:01:51.060209+00,2026-03-07 22:30:52.695501+00
150246,855739,2022-11-22 16:00:00+00,78,1910,1911,0,0,FT,C. Beath,,2026-02-27 00:01:51.060209+00,2026-03-07 22:30:52.695501+00
150243,855736,2022-11-20 16:00:00+00,78,1904,1905,0,2,FT,D. Orsato,,2026-02-27 00:01:51.060209+00,2026-03-07 22:30:53.830351+00
150270,855759,2022-11-28 19:00:00+00,78,1922,1920,2,0,FT,A. Faghani,,2026-02-27 00:01:51.060209+00,2026-03-07 22:30:44.752393+00
150271,855760,2022-11-29 15:00:00+00,78,1901,1904,2,0,FT,B. Gassama,,2026-02-27 00:01:51.060209+00,2026-03-07 22:30:44.752393+00
150272,855761,2022-11-29 15:00:00+00,78,1905,1900,1,2,FT,C. Turpin,,2026-02-27 00:01:51.060209+00,2026-03-07 22:30:44.752393+00
150265,855754,2022-11-27 16:00:00+00,78,1913,1917,4,1,FT,A. Matonte,,2026-02-27 00:01:51.060209+00,2026-03-07 22:30:45.874188+00
150266,855755,2022-11-27 19:00:00+00,78,1930,1914,1,1,FT,D. Makkelie,,2026-02-27 00:01:51.060209+00,2026-03-07 22:30:45.874188+00
150267,855756,2022-11-28 10:00:00+00,78,1919,1925,3,3,FT,Mohamed Abdulla Hassan Mohd,,2026-02-27 00:01:51.060209+00,2026-03-07 22:30:45.874188+00
150268,855757,2022-11-28 13:00:00+00,78,1921,1923,2,3,FT,A. Taylor,,2026-02-27 00:01:51.060209+00,2026-03-07 22:30:45.874188+00
150264,855753,2022-11-27 13:00:00+00,78,1916,1912,0,2,FT,C. Ramos,,2026-02-27 00:01:51.060209+00,2026-03-07 22:30:47.028314+00
150262,855751,2022-11-26 16:00:00+00,78,1928,1908,2,1,FT,S. Marciniak,,2026-02-27 00:01:51.060209+00,2026-03-07 22:30:48.152741+00
150263,855752,2022-11-26 19:00:00+00,78,1906,1910,2,0,FT,D. Orsato,,2026-02-27 00:01:51.060209+00,2026-03-07 22:30:48.152741+00
150261,855750,2022-11-26 13:00:00+00,78,1911,1907,2,0,FT,Wilton Pereira Sampaio,,2026-02-27 00:01:51.060209+00,2026-03-07 22:30:49.273684+00
150258,866682,2022-11-25 10:00:00+00,78,1927,1903,0,2,FT,M. Escobar,,2026-02-27 00:01:51.060209+00,2026-03-07 22:30:51.550111+00
150260,871851,2022-11-23 16:00:00+00,78,1930,1931,7,0,FT,Mohamed Abdulla Hassan Mohd,,2026-02-27 00:01:51.060209+00,2026-03-07 22:30:51.550111+00
150259,871850,2022-11-22 19:00:00+00,78,1928,1929,4,1,FT,V. Gomes,,2026-02-27 00:01:51.060209+00,2026-03-07 22:30:52.695501+00
150323,979138,2022-12-17 15:00:00+00,78,1913,1912,2,1,FT,Abdulrahman Al Jassim,,2026-02-27 00:01:51.060209+00,2026-03-07 22:30:21.800147+00
150300,978088,2022-12-10 15:00:00+00,78,1912,1922,1,0,FT,F. Tello,,2026-02-27 00:01:51.060209+00,2026-03-07 22:30:30.883975+00
150297,977794,2022-12-09 19:00:00+00,78,1901,1906,2,2,PEN,Antonio Mateu,,2026-02-27 00:01:51.060209+00,2026-03-07 22:30:32.03954+00
150299,978072,2022-12-09 15:00:00+00,78,1913,1924,1,1,PEN,M. Oliver,,2026-02-27 00:01:51.060209+00,2026-03-07 22:30:33.191321+00
150295,977705,2022-12-05 19:00:00+00,78,1924,1921,4,1,FT,C. Turpin,,2026-02-27 00:01:51.060209+00,2026-03-07 22:30:35.555389+00
150281,855766,2022-12-01 15:00:00+00,78,1913,1916,0,0,FT,A. Taylor,,2026-02-27 00:01:51.060209+00,2026-03-07 22:30:42.429551+00
150278,871852,2022-11-26 10:00:00+00,78,1909,1929,0,1,FT,D. Siebert,,2026-02-27 00:01:51.060209+00,2026-03-07 22:30:50.411548+00
150693,132763,2019-03-21 19:45:00+00,79,1970,1965,2,0,FT,,,2026-02-27 00:01:51.060209+00,2026-02-27 00:01:51.060209+00
150695,132764,2019-03-21 19:45:00+00,79,1913,1982,2,1,FT,,,2026-02-27 00:01:51.060209+00,2026-02-27 00:01:51.060209+00
150698,132765,2019-03-21 19:45:00+00,79,1983,1968,1,1,FT,,,2026-02-27 00:01:51.060209+00,2026-02-27 00:01:51.060209+00
150700,132766,2019-03-21 19:45:00+00,79,1984,1985,3,1,FT,,,2026-02-27 00:01:51.060209+00,2026-02-27 00:01:51.060209+00
150702,132767,2019-03-21 19:45:00+00,79,1969,1911,0,1,FT,,,2026-02-27 00:01:51.060209+00,2026-02-27 00:01:51.060209+00
150704,132768,2019-03-21 19:45:00+00,79,1916,1986,3,1,FT,,,2026-02-27 00:01:51.060209+00,2026-02-27 00:01:51.060209+00
150706,132769,2019-03-22 17:00:00+00,79,1987,1988,1,1,FT,,,2026-02-27 00:01:51.060209+00,2026-02-27 00:01:51.060209+00
150707,132770,2019-03-22 19:45:00+00,79,1902,1971,5,0,FT,,,2026-02-27 00:01:51.060209+00,2026-02-27 00:01:51.060209+00
150708,132771,2019-03-22 19:45:00+00,79,1922,1973,0,0,FT,,,2026-02-27 00:01:51.060209+00,2026-02-27 00:01:51.060209+00
150709,132772,2019-03-22 19:45:00+00,79,1989,1990,2,1,FT,,,2026-02-27 00:01:51.060209+00,2026-02-27 00:01:51.060209+00
150710,132773,2019-03-22 19:45:00+00,79,1991,1928,1,4,FT,,,2026-02-27 00:01:51.060209+00,2026-02-27 00:01:51.060209+00
150711,132774,2019-03-22 19:45:00+00,79,1992,1993,0,2,FT,,,2026-02-27 00:01:51.060209+00,2026-02-27 00:01:51.060209+00
150712,132775,2019-03-22 19:45:00+00,79,1967,1974,0,2,FT,,,2026-02-27 00:01:51.060209+00,2026-02-27 00:01:51.060209+00
150713,132776,2019-03-23 14:00:00+00,79,1975,1918,0,2,FT,,,2026-02-27 00:01:51.060209+00,2026-02-27 00:01:51.060209+00
150754,132798,2019-03-25 19:45:00+00,79,1989,1973,1,2,FT,,,2026-02-27 00:01:51.060209+00,2026-02-27 00:01:51.060209+00
150766,132807,2019-03-26 19:45:00+00,79,1966,2000,6,0,FT,,,2026-02-27 00:01:51.060209+00,2026-02-27 00:01:51.060209+00
150767,132808,2019-03-26 19:45:00+00,79,2003,2001,2,2,FT,,,2026-02-27 00:01:51.060209+00,2026-02-27 00:01:51.060209+00
150768,132809,2019-06-07 16:00:00+00,79,1975,1994,3,0,FT,,,2026-02-27 00:01:51.060209+00,2026-02-27 00:01:51.060209+00
150769,132811,2019-06-07 18:45:00+00,79,1971,1987,2,1,FT,,,2026-02-27 00:01:51.060209+00,2026-02-27 00:01:51.060209+00
150770,132812,2019-06-07 18:45:00+00,79,1973,1925,5,0,FT,,,2026-02-27 00:01:51.060209+00,2026-02-27 00:01:51.060209+00
150771,132813,2019-06-07 18:45:00+00,79,1990,1989,1,1,FT,,,2026-02-27 00:01:51.060209+00,2026-02-27 00:01:51.060209+00
150772,132814,2019-06-07 18:45:00+00,79,1908,1995,1,1,FT,,,2026-02-27 00:01:51.060209+00,2026-02-27 00:01:51.060209+00
150773,132815,2019-06-07 18:45:00+00,79,1996,1997,3,0,FT,,,2026-02-27 00:01:51.060209+00,2026-02-27 00:01:51.060209+00
150774,132816,2019-06-07 18:45:00+00,79,1999,1972,2,2,FT,,,2026-02-27 00:01:51.060209+00,2026-02-27 00:01:51.060209+00
150775,132817,2019-06-07 18:45:00+00,79,1998,1930,1,4,FT,,,2026-02-27 00:01:51.060209+00,2026-02-27 00:01:51.060209+00
150776,132818,2019-06-07 18:45:00+00,79,1985,1983,0,3,FT,,,2026-02-27 00:01:51.060209+00,2026-02-27 00:01:51.060209+00
150777,132820,2019-06-07 18:45:00+00,79,1969,1968,1,0,FT,,,2026-02-27 00:01:51.060209+00,2026-02-27 00:01:51.060209+00
150778,132810,2019-06-07 18:45:00+00,79,1988,2005,1,1,FT,,,2026-02-27 00:01:51.060209+00,2026-02-27 00:01:51.060209+00
150779,132819,2019-06-07 18:45:00+00,79,1984,1911,0,1,FT,,,2026-02-27 00:01:51.060209+00,2026-02-27 00:01:51.060209+00
150780,132821,2019-06-08 13:00:00+00,79,1913,1927,2,1,FT,,,2026-02-27 00:01:51.060209+00,2026-02-27 00:01:51.060209+00
150781,132822,2019-06-08 13:00:00+00,79,1993,1967,1,0,FT,,,2026-02-27 00:01:51.060209+00,2026-02-27 00:01:51.060209+00
150782,132823,2019-06-08 16:00:00+00,79,1980,1979,1,2,FT,,,2026-02-27 00:01:51.060209+00,2026-02-27 00:01:51.060209+00
150783,132824,2019-06-08 16:00:00+00,79,1982,1965,1,3,FT,,,2026-02-27 00:01:51.060209+00,2026-02-27 00:01:51.060209+00
150784,132825,2019-06-08 16:00:00+00,79,1991,1992,1,0,FT,,,2026-02-27 00:01:51.060209+00,2026-02-27 00:01:51.060209+00
150785,132826,2019-06-08 16:00:00+00,79,1986,1978,9,0,FT,,,2026-02-27 00:01:51.060209+00,2026-02-27 00:01:51.060209+00
150786,132827,2019-06-08 16:00:00+00,79,2002,2003,2,0,FT,,,2026-02-27 00:01:51.060209+00,2026-02-27 00:01:51.060209+00
150787,132828,2019-06-08 16:00:00+00,79,2004,2000,3,0,FT,,,2026-02-27 00:01:51.060209+00,2026-02-27 00:01:51.060209+00
150788,132829,2019-06-08 18:45:00+00,79,1981,1914,0,2,FT,,,2026-02-27 00:01:51.060209+00,2026-02-27 00:01:51.060209+00
150789,132830,2019-06-08 18:45:00+00,79,1974,1928,2,0,FT,,,2026-02-27 00:01:51.060209+00,2026-02-27 00:01:51.060209+00
150790,132831,2019-06-08 18:45:00+00,79,1964,1977,2,1,FT,,,2026-02-27 00:01:51.060209+00,2026-02-27 00:01:51.060209+00
150791,132832,2019-06-08 18:45:00+00,79,1916,1976,3,0,FT,,,2026-02-27 00:01:51.060209+00,2026-02-27 00:01:51.060209+00
150792,132833,2019-06-08 18:45:00+00,79,2001,1966,0,3,FT,,,2026-02-27 00:01:51.060209+00,2026-02-27 00:01:51.060209+00
150793,132834,2019-06-10 18:45:00+00,79,1971,1988,3,0,FT,,,2026-02-27 00:01:51.060209+00,2026-02-27 00:01:51.060209+00
150814,132855,2019-06-11 18:45:00+00,79,1916,1964,3,0,FT,,,2026-02-27 00:01:51.060209+00,2026-02-27 00:01:51.060209+00
150815,132856,2019-06-11 18:45:00+00,79,2000,2002,0,2,FT,,,2026-02-27 00:01:51.060209+00,2026-02-27 00:01:51.060209+00
150856,132877,2019-09-07 13:00:00+00,79,2005,1971,2,1,FT,,,2026-02-27 00:01:51.060209+00,2026-02-27 00:01:51.060209+00
150977,132938,2019-10-13 16:00:00+00,79,1977,1986,0,5,FT,,,2026-02-27 00:01:51.060209+00,2026-02-27 00:01:51.060209+00
150998,132939,2019-10-13 18:45:00+00,79,1980,1914,0,3,FT,,,2026-02-27 00:01:51.060209+00,2026-02-27 00:01:51.060209+00
150999,132940,2019-10-13 18:45:00+00,79,1927,1913,1,1,FT,,,2026-02-27 00:01:51.060209+00,2026-02-27 00:01:51.060209+00
151000,132941,2019-10-13 18:45:00+00,79,1968,1969,0,1,FT,,,2026-02-27 00:01:51.060209+00,2026-02-27 00:01:51.060209+00
151001,132942,2019-10-13 18:45:00+00,79,1911,1984,2,0,FT,,,2026-02-27 00:01:51.060209+00,2026-02-27 00:01:51.060209+00
151002,132943,2019-10-14 18:45:00+00,79,2005,1988,2,0,FT,,,2026-02-27 00:01:51.060209+00,2026-02-27 00:01:51.060209+00
151003,132944,2019-10-14 18:45:00+00,79,1987,1902,0,6,FT,,,2026-02-27 00:01:51.060209+00,2026-02-27 00:01:51.060209+00
151004,132945,2019-10-14 18:45:00+00,79,1973,1922,2,1,FT,,,2026-02-27 00:01:51.060209+00,2026-02-27 00:01:51.060209+00
151005,132946,2019-10-14 18:45:00+00,79,1990,1925,1,2,FT,,,2026-02-27 00:01:51.060209+00,2026-02-27 00:01:51.060209+00
151006,132947,2019-10-14 18:45:00+00,79,1991,1967,0,4,FT,,,2026-02-27 00:01:51.060209+00,2026-02-27 00:01:51.060209+00
151007,132948,2019-10-14 18:45:00+00,79,1993,1992,2,0,FT,,,2026-02-27 00:01:51.060209+00,2026-02-27 00:01:51.060209+00
151008,132949,2019-10-14 18:45:00+00,79,1928,1974,1,1,FT,,,2026-02-27 00:01:51.060209+00,2026-02-27 00:01:51.060209+00
151009,132950,2019-10-15 16:00:00+00,79,2002,2004,3,0,FT,,,2026-02-27 00:01:51.060209+00,2026-02-27 00:01:51.060209+00
151010,132951,2019-10-15 18:45:00+00,79,1918,1995,2,0,FT,,,2026-02-27 00:01:51.060209+00,2026-02-27 00:01:51.060209+00
151011,132952,2019-10-15 18:45:00+00,79,1994,1975,2,3,FT,,,2026-02-27 00:01:51.060209+00,2026-02-27 00:01:51.060209+00
151012,132953,2019-10-15 18:45:00+00,79,1996,1930,1,1,FT,,,2026-02-27 00:01:51.060209+00,2026-02-27 00:01:51.060209+00
151013,132954,2019-10-15 18:45:00+00,79,1972,1999,1,1,FT,,,2026-02-27 00:01:51.060209+00,2026-02-27 00:01:51.060209+00
151054,132975,2019-11-16 17:00:00+00,79,1982,1927,0,2,FT,,,2026-02-27 00:01:51.060209+00,2026-02-27 00:01:51.060209+00
151055,132976,2019-11-16 17:00:00+00,79,1968,1985,1,0,FT,,,2026-02-27 00:01:51.060209+00,2026-02-27 00:01:51.060209+00
151096,132997,2019-11-18 19:45:00+00,79,1966,2004,9,1,FT,,,2026-02-27 00:01:51.060209+00,2026-02-27 00:01:51.060209+00
349756,83260,2019-06-15 00:30:00+00,81,1924,2633,3,0,FT,,,2026-02-27 00:01:51.060209+00,2026-02-27 00:01:51.060209+00
349757,83261,2019-06-15 19:00:00+00,81,2631,2629,0,0,FT,,,2026-02-27 00:01:51.060209+00,2026-02-27 00:01:51.060209+00
349758,83262,2019-06-15 22:00:00+00,81,1906,2635,0,2,FT,,,2026-02-27 00:01:51.060209+00,2026-02-27 00:01:51.060209+00
349759,83263,2019-06-16 19:00:00+00,81,2636,1904,2,2,FT,,,2026-02-27 00:01:51.060209+00,2026-02-27 00:01:51.060209+00
349760,83264,2019-06-16 22:00:00+00,81,1920,1905,4,0,FT,,,2026-02-27 00:01:51.060209+00,2026-02-27 00:01:51.060209+00
349761,83265,2019-06-17 23:00:00+00,81,1915,2630,0,4,FT,,,2026-02-27 00:01:51.060209+00,2026-02-27 00:01:51.060209+00
349762,83266,2019-06-18 21:30:00+00,81,2633,2629,1,3,FT,,,2026-02-27 00:01:51.060209+00,2026-02-27 00:01:51.060209+00
349763,83267,2019-06-19 00:30:00+00,81,1924,2631,0,0,FT,,,2026-02-27 00:01:51.060209+00,2026-02-27 00:01:51.060209+00
349764,83268,2019-06-19 21:30:00+00,81,2635,1904,1,0,FT,,,2026-02-27 00:01:51.060209+00,2026-02-27 00:01:51.060209+00
349765,83269,2019-06-20 00:30:00+00,81,1906,2636,1,1,FT,,,2026-02-27 00:01:51.060209+00,2026-02-27 00:01:51.060209+00
349766,83270,2019-06-20 23:00:00+00,81,1920,1915,2,2,FT,,,2026-02-27 00:01:51.060209+00,2026-02-27 00:01:51.060209+00
153334,312544,2021-06-14 21:00:00+00,81,1906,2630,1,1,FT,W. Roldán,,2026-02-27 00:01:51.060209+00,2026-03-10 12:11:19.20728+00
349775,169548,2019-06-28 00:30:00+00,81,1924,2636,0,0,PEN,Roberto Tobar,,2026-02-27 00:01:51.060209+00,2026-03-23 23:41:12.224763+00
349767,83271,2019-06-21 23:00:00+00,81,1905,2630,1,2,FT,,,2026-02-27 00:01:51.060209+00,2026-02-27 00:01:51.060209+00
349768,83272,2019-06-22 19:00:00+00,81,2633,2631,1,3,FT,,,2026-02-27 00:01:51.060209+00,2026-02-27 00:01:51.060209+00
349769,83273,2019-06-22 19:00:00+00,81,2629,1924,0,5,FT,,,2026-02-27 00:01:51.060209+00,2026-02-27 00:01:51.060209+00
349770,83274,2019-06-23 19:00:00+00,81,2635,2636,1,0,FT,,,2026-02-27 00:01:51.060209+00,2026-02-27 00:01:51.060209+00
349771,83275,2019-06-23 19:00:00+00,81,1904,1906,0,2,FT,,,2026-02-27 00:01:51.060209+00,2026-02-27 00:01:51.060209+00
349772,83276,2019-06-24 23:00:00+00,81,2630,1920,0,1,FT,,,2026-02-27 00:01:51.060209+00,2026-02-27 00:01:51.060209+00
349773,83277,2019-06-24 23:00:00+00,81,1905,1915,1,1,FT,,,2026-02-27 00:01:51.060209+00,2026-02-27 00:01:51.060209+00
349774,165493,2019-06-28 19:00:00+00,81,2631,1906,0,2,FT,,,2026-02-27 00:01:51.060209+00,2026-02-27 00:01:51.060209+00
349776,169549,2019-06-28 23:20:00+00,81,2635,2630,0,0,PEN,,,2026-02-27 00:01:51.060209+00,2026-02-27 00:01:51.060209+00
349777,169550,2019-06-29 19:00:00+00,81,1920,2629,0,0,PEN,,,2026-02-27 00:01:51.060209+00,2026-02-27 00:01:51.060209+00
349778,171214,2019-07-03 00:30:00+00,81,1924,1906,2,0,FT,,,2026-02-27 00:01:51.060209+00,2026-02-27 00:01:51.060209+00
349779,171215,2019-07-04 00:30:00+00,81,2630,2629,0,3,FT,,,2026-02-27 00:01:51.060209+00,2026-02-27 00:01:51.060209+00
349780,198683,2019-07-06 19:00:00+00,81,1906,2630,2,1,FT,,,2026-02-27 00:01:51.060209+00,2026-02-27 00:01:51.060209+00
349781,198684,2019-07-07 20:00:00+00,81,1924,2629,3,1,FT,,,2026-02-27 00:01:51.060209+00,2026-02-27 00:01:51.060209+00
153361,312568,2021-06-29 00:00:00+00,81,1920,2636,1,0,FT,Raphael Claus,,2026-02-27 00:01:51.060209+00,2026-03-10 12:10:55.249419+00
150684,132759,2019-03-21 15:00:00+00,79,1976,1964,3,0,FT,,,2026-02-27 00:01:51.060209+00,2026-02-27 00:01:51.060209+00
150686,132760,2019-03-21 17:00:00+00,79,1977,1978,5,0,FT,,,2026-02-27 00:01:51.060209+00,2026-02-27 00:01:51.060209+00
150689,132761,2019-03-21 19:45:00+00,79,1979,1980,2,0,FT,,,2026-02-27 00:01:51.060209+00,2026-02-27 00:01:51.060209+00
150691,132762,2019-03-21 19:45:00+00,79,1901,1981,4,0,FT,,,2026-02-27 00:01:51.060209+00,2026-02-27 00:01:51.060209+00
150716,132779,2019-03-23 17:00:00+00,79,1997,1998,2,1,FT,,,2026-02-27 00:01:51.060209+00,2026-02-27 00:01:51.060209+00
150718,132780,2019-03-23 19:45:00+00,79,1930,1999,2,1,FT,,,2026-02-27 00:01:51.060209+00,2026-02-27 00:01:51.060209+00
150720,132781,2019-03-23 19:45:00+00,79,2000,2001,0,2,FT,,,2026-02-27 00:01:51.060209+00,2026-02-27 00:01:51.060209+00
150722,132782,2019-03-23 19:45:00+00,79,1966,2002,2,0,FT,,,2026-02-27 00:01:51.060209+00,2026-02-27 00:01:51.060209+00
150725,132783,2019-03-23 19:45:00+00,79,2003,2004,2,1,FT,,,2026-02-27 00:01:51.060209+00,2026-02-27 00:01:51.060209+00
150727,132784,2019-03-24 14:00:00+00,79,1927,1970,1,0,FT,,,2026-02-27 00:01:51.060209+00,2026-02-27 00:01:51.060209+00
150492,1145531,2024-06-25 19:00:00+00,79,1902,1968,0,0,FT,C. Turpin,,2026-02-27 00:01:51.060209+00,2026-03-07 21:55:41.91416+00
150493,1145532,2024-06-25 19:00:00+00,79,1908,1925,0,0,FT,F. Letexier,,2026-02-27 00:01:51.060209+00,2026-03-07 21:55:41.91416+00
150490,1145529,2024-06-24 19:00:00+00,79,1913,1966,1,1,FT,D. Makkelie,,2026-02-27 00:01:51.060209+00,2026-03-07 21:55:43.072532+00
150491,1145530,2024-06-24 19:00:00+00,79,1967,1930,0,1,FT,G. Nyberg,,2026-02-27 00:01:51.060209+00,2026-03-07 21:55:43.072532+00
150488,1145527,2024-06-23 19:00:00+00,79,1918,1914,1,1,FT,D. Orsato,,2026-02-27 00:01:51.060209+00,2026-03-07 21:55:44.207895+00
150489,1145528,2024-06-23 19:00:00+00,79,1964,1965,0,1,FT,F. Tello,,2026-02-27 00:01:51.060209+00,2026-03-07 21:55:44.207895+00
150486,1145525,2024-06-22 19:00:00+00,79,1916,1972,2,0,FT,S. Marciniak,,2026-02-27 00:01:51.060209+00,2026-03-07 21:55:46.518419+00
150487,1145526,2024-06-22 16:00:00+00,79,1974,1922,0,3,FT,F. Zwayer,,2026-02-27 00:01:51.060209+00,2026-03-07 21:55:46.518419+00
150485,1145524,2024-06-21 19:00:00+00,79,1901,1928,0,0,FT,A. Taylor,,2026-02-27 00:01:51.060209+00,2026-03-07 21:55:47.646344+00
150497,1189851,2024-06-22 13:00:00+00,79,1975,1971,1,1,FT,D. Siebert,,2026-02-27 00:01:51.060209+00,2026-03-07 21:55:47.646344+00
150729,132785,2019-03-24 14:00:00+00,79,1976,1986,0,4,FT,,,2026-02-27 00:01:51.060209+00,2026-02-27 00:01:51.060209+00
150731,132786,2019-03-24 17:00:00+00,79,1965,1913,2,1,FT,,,2026-02-27 00:01:51.060209+00,2026-02-27 00:01:51.060209+00
150733,132787,2019-03-24 17:00:00+00,79,1983,1969,4,2,FT,,,2026-02-27 00:01:51.060209+00,2026-02-27 00:01:51.060209+00
150735,132788,2019-03-24 17:00:00+00,79,1978,1964,0,2,FT,,,2026-02-27 00:01:51.060209+00,2026-02-27 00:01:51.060209+00
150737,132789,2019-03-24 19:45:00+00,79,1979,1981,2,1,FT,,,2026-02-27 00:01:51.060209+00,2026-02-27 00:01:51.060209+00
150739,132790,2019-03-24 19:45:00+00,79,1901,1914,2,3,FT,,,2026-02-27 00:01:51.060209+00,2026-02-27 00:01:51.060209+00
150742,132791,2019-03-24 19:45:00+00,79,1968,1984,1,1,FT,,,2026-02-27 00:01:51.060209+00,2026-02-27 00:01:51.060209+00
150744,132792,2019-03-24 19:45:00+00,79,1911,1985,2,0,FT,,,2026-02-27 00:01:51.060209+00,2026-02-27 00:01:51.060209+00
150746,132793,2019-03-24 19:45:00+00,79,1977,1916,0,2,FT,,,2026-02-27 00:01:51.060209+00,2026-02-27 00:01:51.060209+00
150748,132794,2019-03-25 17:00:00+00,79,1974,1991,4,0,FT,,,2026-02-27 00:01:51.060209+00,2026-02-27 00:01:51.060209+00
150750,132795,2019-03-25 19:45:00+00,79,1988,1902,1,5,FT,,,2026-02-27 00:01:51.060209+00,2026-02-27 00:01:51.060209+00
150752,132797,2019-03-25 19:45:00+00,79,1922,1925,1,1,FT,,,2026-02-27 00:01:51.060209+00,2026-02-27 00:01:51.060209+00
150758,132796,2019-03-25 19:45:00+00,79,2005,1987,1,1,FT,,,2026-02-27 00:01:51.060209+00,2026-02-27 00:01:51.060209+00
150759,132800,2019-03-25 19:45:00+00,79,1992,1967,0,3,FT,,,2026-02-27 00:01:51.060209+00,2026-02-27 00:01:51.060209+00
150760,132801,2019-03-26 17:00:00+00,79,2004,2002,0,2,FT,,,2026-02-27 00:01:51.060209+00,2026-02-27 00:01:51.060209+00
150534,1227539,2024-07-10 19:00:00+00,79,1901,1902,1,2,FT,F. Zwayer,,2026-02-27 00:01:51.060209+00,2026-03-07 21:55:22.350552+00
150533,1225853,2024-07-09 19:00:00+00,79,1930,1928,2,1,FT,S. Vinčić,,2026-02-27 00:01:51.060209+00,2026-03-07 21:55:23.489105+00
150530,1219689,2024-07-06 16:00:00+00,79,1902,1918,1,1,PEN,D. Orsato,,2026-02-27 00:01:51.060209+00,2026-03-07 21:55:28.057559+00
150529,1219688,2024-07-05 16:00:00+00,79,1930,1914,2,1,AET,A. Taylor,,2026-02-27 00:01:51.060209+00,2026-03-07 21:55:30.396266+00
150528,1215078,2024-07-02 19:00:00+00,79,1969,1974,1,2,FT,Artur Soares Dias,,2026-02-27 00:01:51.060209+00,2026-03-07 21:55:32.707133+00
150525,1215073,2024-07-01 16:00:00+00,79,1928,1916,1,0,FT,G. Nyberg,,2026-02-27 00:01:51.060209+00,2026-03-07 21:55:33.862579+00
150526,1215076,2024-07-01 19:00:00+00,79,1922,1968,0,0,PEN,D. Orsato,,2026-02-27 00:01:51.060209+00,2026-03-07 21:55:33.862579+00
150503,1215074,2024-06-30 16:00:00+00,79,1902,1970,2,1,AET,H. Meler,,2026-02-27 00:01:51.060209+00,2026-03-07 21:55:35.023391+00
150501,1212958,2024-06-29 16:00:00+00,79,1918,1966,2,0,FT,S. Marciniak,,2026-02-27 00:01:51.060209+00,2026-03-07 21:55:37.301096+00
150502,1214156,2024-06-29 19:00:00+00,79,1914,1908,2,0,FT,M. Oliver,,2026-02-27 00:01:51.060209+00,2026-03-07 21:55:37.301096+00
150500,1189854,2024-06-26 19:00:00+00,79,1975,1922,2,0,FT,S. Schärer,,2026-02-27 00:01:51.060209+00,2026-03-07 21:55:40.765694+00
150457,1145521,2024-06-20 19:00:00+00,79,1930,1966,1,0,FT,S. Vinčić,,2026-02-27 00:01:51.060209+00,2026-03-07 21:55:48.78353+00
150453,1145517,2024-06-18 19:00:00+00,79,1922,1971,2,1,FT,M. Guida,,2026-02-27 00:01:51.060209+00,2026-03-07 21:55:51.087466+00
150454,1145518,2024-06-19 19:00:00+00,79,1964,1918,1,1,FT,I. Kružliak,,2026-02-27 00:01:51.060209+00,2026-03-07 21:55:51.087466+00
150455,1145519,2024-06-19 16:00:00+00,79,1914,1965,2,0,FT,D. Makkelie,,2026-02-27 00:01:51.060209+00,2026-03-07 21:55:51.087466+00
150448,1145512,2024-06-15 19:00:00+00,79,1966,1967,2,1,FT,F. Zwayer,,2026-02-27 00:01:51.060209+00,2026-03-07 21:55:55.693584+00
150446,1145510,2024-06-15 13:00:00+00,79,1965,1918,1,3,FT,S. Vinčić,,2026-02-27 00:01:51.060209+00,2026-03-07 21:55:56.824805+00
150447,1145511,2024-06-15 16:00:00+00,79,1930,1913,3,0,FT,M. Oliver,,2026-02-27 00:01:51.060209+00,2026-03-07 21:55:56.824805+00
150445,1145509,2024-06-14 19:00:00+00,79,1914,1964,5,1,FT,C. Turpin,,2026-02-27 00:01:51.060209+00,2026-03-07 21:55:57.955293+00
150798,132835,2019-06-10 18:45:00+00,79,1987,2005,2,3,FT,,,2026-02-27 00:01:51.060209+00,2026-02-27 00:01:51.060209+00
150799,132836,2019-06-10 18:45:00+00,79,1973,1989,1,0,FT,,,2026-02-27 00:01:51.060209+00,2026-02-27 00:01:51.060209+00
150800,132838,2019-06-10 18:45:00+00,79,1995,1994,2,0,FT,,,2026-02-27 00:01:51.060209+00,2026-02-27 00:01:51.060209+00
150801,132841,2019-06-10 18:45:00+00,79,1997,1972,0,4,FT,,,2026-02-27 00:01:51.060209+00,2026-02-27 00:01:51.060209+00
150802,132842,2019-06-10 18:45:00+00,79,1998,1999,0,2,FT,,,2026-02-27 00:01:51.060209+00,2026-02-27 00:01:51.060209+00
150803,132844,2019-06-10 18:45:00+00,79,1985,1968,0,5,FT,,,2026-02-27 00:01:51.060209+00,2026-02-27 00:01:51.060209+00
150804,132845,2019-06-10 18:45:00+00,79,1984,1969,1,4,FT,,,2026-02-27 00:01:51.060209+00,2026-02-27 00:01:51.060209+00
150805,132846,2019-06-11 14:00:00+00,79,1976,1978,4,0,FT,,,2026-02-27 00:01:51.060209+00,2026-02-27 00:01:51.060209+00
150806,132847,2019-06-11 16:00:00+00,79,1982,1970,1,5,FT,,,2026-02-27 00:01:51.060209+00,2026-02-27 00:01:51.060209+00
150807,132848,2019-06-11 18:45:00+00,79,1914,1980,8,0,FT,,,2026-02-27 00:01:51.060209+00,2026-02-27 00:01:51.060209+00
150808,132849,2019-06-11 18:45:00+00,79,1981,1979,0,1,FT,,,2026-02-27 00:01:51.060209+00,2026-02-27 00:01:51.060209+00
150809,132850,2019-06-11 18:45:00+00,79,1965,1927,1,0,FT,,,2026-02-27 00:01:51.060209+00,2026-02-27 00:01:51.060209+00
150810,132851,2019-06-11 18:45:00+00,79,1993,1974,2,1,FT,,,2026-02-27 00:01:51.060209+00,2026-02-27 00:01:51.060209+00
150811,132852,2019-06-11 18:45:00+00,79,1992,1928,0,4,FT,,,2026-02-27 00:01:51.060209+00,2026-02-27 00:01:51.060209+00
150812,132853,2019-06-11 18:45:00+00,79,1967,1991,2,0,FT,,,2026-02-27 00:01:51.060209+00,2026-02-27 00:01:51.060209+00
150813,132854,2019-06-11 18:45:00+00,79,1986,1977,1,0,FT,,,2026-02-27 00:01:51.060209+00,2026-02-27 00:01:51.060209+00
150838,132859,2019-09-05 16:00:00+00,79,2004,1966,1,3,FT,,,2026-02-27 00:01:51.060209+00,2026-02-27 00:01:51.060209+00
150839,132860,2019-09-05 18:45:00+00,79,1995,1918,1,1,FT,,,2026-02-27 00:01:51.060209+00,2026-02-27 00:01:51.060209+00
150840,132861,2019-09-05 18:45:00+00,79,1994,1908,0,6,FT,,,2026-02-27 00:01:51.060209+00,2026-02-27 00:01:51.060209+00
150841,132862,2019-09-05 18:45:00+00,79,1972,1930,1,2,FT,,,2026-02-27 00:01:51.060209+00,2026-02-27 00:01:51.060209+00
150842,132863,2019-09-05 18:45:00+00,79,1999,1997,2,0,FT,,,2026-02-27 00:01:51.060209+00,2026-02-27 00:01:51.060209+00
150843,132864,2019-09-05 18:45:00+00,79,1998,1996,0,4,FT,,,2026-02-27 00:01:51.060209+00,2026-02-27 00:01:51.060209+00
150844,132865,2019-09-05 18:45:00+00,79,1983,1984,1,1,FT,,,2026-02-27 00:01:51.060209+00,2026-02-27 00:01:51.060209+00
150845,132866,2019-09-05 18:45:00+00,79,2002,2001,1,0,FT,,,2026-02-27 00:01:51.060209+00,2026-02-27 00:01:51.060209+00
150846,132867,2019-09-05 18:45:00+00,79,2003,2000,5,0,FT,,,2026-02-27 00:01:51.060209+00,2026-02-27 00:01:51.060209+00
150847,132868,2019-09-06 16:00:00+00,79,1980,1981,1,2,FT,,,2026-02-27 00:01:51.060209+00,2026-02-27 00:01:51.060209+00
150848,132869,2019-09-06 16:00:00+00,79,1977,1976,1,1,FT,,,2026-02-27 00:01:51.060209+00,2026-02-27 00:01:51.060209+00
150849,132870,2019-09-06 18:45:00+00,79,1914,1901,2,4,FT,,,2026-02-27 00:01:51.060209+00,2026-02-27 00:01:51.060209+00
150850,132871,2019-09-06 18:45:00+00,79,1927,1982,2,1,FT,,,2026-02-27 00:01:51.060209+00,2026-02-27 00:01:51.060209+00
150851,132872,2019-09-06 18:45:00+00,79,1970,1913,0,4,FT,,,2026-02-27 00:01:51.060209+00,2026-02-27 00:01:51.060209+00
150852,132873,2019-09-06 18:45:00+00,79,1968,1911,2,0,FT,,,2026-02-27 00:01:51.060209+00,2026-02-27 00:01:51.060209+00
150853,132874,2019-09-06 18:45:00+00,79,1969,1985,6,0,FT,,,2026-02-27 00:01:51.060209+00,2026-02-27 00:01:51.060209+00
150854,132875,2019-09-06 18:45:00+00,79,1964,1986,1,2,FT,,,2026-02-27 00:01:51.060209+00,2026-02-27 00:01:51.060209+00
150855,132876,2019-09-06 18:45:00+00,79,1978,1916,0,4,FT,,,2026-02-27 00:01:51.060209+00,2026-02-27 00:01:51.060209+00
150878,132879,2019-09-07 16:00:00+00,79,1990,1973,0,3,FT,,,2026-02-27 00:01:51.060209+00,2026-02-27 00:01:51.060209+00
150879,132880,2019-09-07 16:00:00+00,79,1993,1991,3,0,FT,,,2026-02-27 00:01:51.060209+00,2026-02-27 00:01:51.060209+00
150880,132881,2019-09-07 18:45:00+00,79,1925,1922,2,4,FT,,,2026-02-27 00:01:51.060209+00,2026-02-27 00:01:51.060209+00
150881,132882,2019-09-07 18:45:00+00,79,1974,1992,1,0,FT,,,2026-02-27 00:01:51.060209+00,2026-02-27 00:01:51.060209+00
150882,132883,2019-09-07 18:45:00+00,79,1928,1967,4,1,FT,,,2026-02-27 00:01:51.060209+00,2026-02-27 00:01:51.060209+00
150883,132884,2019-09-08 13:00:00+00,79,2004,2003,4,2,FT,,,2026-02-27 00:01:51.060209+00,2026-02-27 00:01:51.060209+00
150884,132885,2019-09-08 16:00:00+00,79,1918,1994,4,0,FT,,,2026-02-27 00:01:51.060209+00,2026-02-27 00:01:51.060209+00
150885,132886,2019-09-08 16:00:00+00,79,1975,1908,0,0,FT,,,2026-02-27 00:01:51.060209+00,2026-02-27 00:01:51.060209+00
150886,132887,2019-09-08 16:00:00+00,79,1972,1997,1,0,FT,,,2026-02-27 00:01:51.060209+00,2026-02-27 00:01:51.060209+00
150887,132888,2019-09-08 18:45:00+00,79,1930,1998,4,0,FT,,,2026-02-27 00:01:51.060209+00,2026-02-27 00:01:51.060209+00
150888,132889,2019-09-08 18:45:00+00,79,1996,1999,1,1,FT,,,2026-02-27 00:01:51.060209+00,2026-02-27 00:01:51.060209+00
150889,132890,2019-09-08 18:45:00+00,79,2001,2000,1,1,FT,,,2026-02-27 00:01:51.060209+00,2026-02-27 00:01:51.060209+00
150890,132891,2019-09-08 18:45:00+00,79,2002,1966,1,2,FT,,,2026-02-27 00:01:51.060209+00,2026-02-27 00:01:51.060209+00
150891,132892,2019-09-09 16:00:00+00,79,1982,1913,1,1,FT,,,2026-02-27 00:01:51.060209+00,2026-02-27 00:01:51.060209+00
150892,132893,2019-09-09 18:45:00+00,79,1979,1914,0,2,FT,,,2026-02-27 00:01:51.060209+00,2026-02-27 00:01:51.060209+00
150893,132895,2019-09-09 18:45:00+00,79,1965,1970,1,2,FT,,,2026-02-27 00:01:51.060209+00,2026-02-27 00:01:51.060209+00
150894,132896,2019-09-09 18:45:00+00,79,1968,1983,3,2,FT,,,2026-02-27 00:01:51.060209+00,2026-02-27 00:01:51.060209+00
150895,132897,2019-09-09 18:45:00+00,79,1911,1969,0,0,FT,,,2026-02-27 00:01:51.060209+00,2026-02-27 00:01:51.060209+00
150896,132898,2019-09-09 18:45:00+00,79,1985,1984,0,2,FT,,,2026-02-27 00:01:51.060209+00,2026-02-27 00:01:51.060209+00
150918,132894,2019-09-09 18:45:00+00,79,1980,1901,0,4,FT,,,2026-02-27 00:01:51.060209+00,2026-02-27 00:01:51.060209+00
150919,132899,2019-09-09 18:45:00+00,79,1964,1916,0,4,FT,,,2026-02-27 00:01:51.060209+00,2026-02-27 00:01:51.060209+00
150920,132900,2019-09-09 18:45:00+00,79,1978,1977,0,4,FT,,,2026-02-27 00:01:51.060209+00,2026-02-27 00:01:51.060209+00
150921,132902,2019-09-10 18:45:00+00,79,1988,1971,0,3,FT,,,2026-02-27 00:01:51.060209+00,2026-02-27 00:01:51.060209+00
150922,132903,2019-09-10 18:45:00+00,79,1902,2005,5,3,FT,,,2026-02-27 00:01:51.060209+00,2026-02-27 00:01:51.060209+00
150923,132904,2019-09-10 18:45:00+00,79,1989,1925,1,3,FT,,,2026-02-27 00:01:51.060209+00,2026-02-27 00:01:51.060209+00
150924,132905,2019-09-10 18:45:00+00,79,1990,1922,1,5,FT,,,2026-02-27 00:01:51.060209+00,2026-02-27 00:01:51.060209+00
150925,132906,2019-09-10 18:45:00+00,79,1991,1974,0,4,FT,,,2026-02-27 00:01:51.060209+00,2026-02-27 00:01:51.060209+00
150926,132907,2019-09-10 18:45:00+00,79,1928,1992,3,0,FT,,,2026-02-27 00:01:51.060209+00,2026-02-27 00:01:51.060209+00
150927,132908,2019-09-10 18:45:00+00,79,1967,1993,4,2,FT,,,2026-02-27 00:01:51.060209+00,2026-02-27 00:01:51.060209+00
150928,132909,2019-10-10 14:00:00+00,79,1976,1977,1,2,FT,,,2026-02-27 00:01:51.060209+00,2026-02-27 00:01:51.060209+00
150929,132910,2019-10-10 16:00:00+00,79,1981,1980,0,0,FT,,,2026-02-27 00:01:51.060209+00,2026-02-27 00:01:51.060209+00
150930,132911,2019-10-10 18:45:00+00,79,1901,1979,3,1,FT,,,2026-02-27 00:01:51.060209+00,2026-02-27 00:01:51.060209+00
150931,132912,2019-10-10 18:45:00+00,79,1970,1927,1,1,FT,,,2026-02-27 00:01:51.060209+00,2026-02-27 00:01:51.060209+00
150932,132913,2019-10-10 18:45:00+00,79,1913,1965,3,0,FT,,,2026-02-27 00:01:51.060209+00,2026-02-27 00:01:51.060209+00
150933,132914,2019-10-10 18:45:00+00,79,1985,1911,0,3,FT,,,2026-02-27 00:01:51.060209+00,2026-02-27 00:01:51.060209+00
150934,132915,2019-10-10 18:45:00+00,79,1984,1968,2,1,FT,,,2026-02-27 00:01:51.060209+00,2026-02-27 00:01:51.060209+00
150935,132916,2019-10-10 18:45:00+00,79,1969,1983,3,1,FT,,,2026-02-27 00:01:51.060209+00,2026-02-27 00:01:51.060209+00
150936,132917,2019-10-10 18:45:00+00,79,1986,1964,4,0,FT,,,2026-02-27 00:01:51.060209+00,2026-02-27 00:01:51.060209+00
150958,132919,2019-10-11 18:45:00+00,79,1988,1987,0,0,FT,,,2026-02-27 00:01:51.060209+00,2026-02-27 00:01:51.060209+00
150959,132920,2019-10-11 18:45:00+00,79,1971,1902,2,1,FT,,,2026-02-27 00:01:51.060209+00,2026-02-27 00:01:51.060209+00
150960,132921,2019-10-11 18:45:00+00,79,1973,1990,2,0,FT,,,2026-02-27 00:01:51.060209+00,2026-02-27 00:01:51.060209+00
151038,132959,2019-11-14 17:00:00+00,79,1974,1993,0,0,FT,,,2026-02-27 00:01:51.060209+00,2026-02-27 00:01:51.060209+00
151039,132960,2019-11-14 19:45:00+00,79,1902,1988,7,0,FT,,,2026-02-27 00:01:51.060209+00,2026-02-27 00:01:51.060209+00
151040,132961,2019-11-14 19:45:00+00,79,1971,2005,2,1,FT,,,2026-02-27 00:01:51.060209+00,2026-02-27 00:01:51.060209+00
151041,132962,2019-11-14 19:45:00+00,79,1925,1989,3,2,FT,,,2026-02-27 00:01:51.060209+00,2026-02-27 00:01:51.060209+00
151042,132963,2019-11-14 19:45:00+00,79,1922,1990,6,0,FT,,,2026-02-27 00:01:51.060209+00,2026-02-27 00:01:51.060209+00
151043,132964,2019-11-14 19:45:00+00,79,1928,1991,2,1,FT,,,2026-02-27 00:01:51.060209+00,2026-02-27 00:01:51.060209+00
151044,132965,2019-11-14 19:45:00+00,79,1967,1992,2,2,FT,,,2026-02-27 00:01:51.060209+00,2026-02-27 00:01:51.060209+00
151045,132966,2019-11-15 17:00:00+00,79,2002,2000,3,0,FT,,,2026-02-27 00:01:51.060209+00,2026-02-27 00:01:51.060209+00
151046,132967,2019-11-15 17:00:00+00,79,2004,2001,0,1,FT,,,2026-02-27 00:01:51.060209+00,2026-02-27 00:01:51.060209+00
151047,132968,2019-11-15 19:45:00+00,79,1918,1975,1,0,FT,,,2026-02-27 00:01:51.060209+00,2026-02-27 00:01:51.060209+00
151048,132969,2019-11-15 19:45:00+00,79,1908,1994,6,0,FT,,,2026-02-27 00:01:51.060209+00,2026-02-27 00:01:51.060209+00
151049,132970,2019-11-15 19:45:00+00,79,1930,1997,7,0,FT,,,2026-02-27 00:01:51.060209+00,2026-02-27 00:01:51.060209+00
151050,132971,2019-11-15 19:45:00+00,79,1972,1996,0,2,FT,,,2026-02-27 00:01:51.060209+00,2026-02-27 00:01:51.060209+00
151051,132972,2019-11-15 17:00:00+00,79,1999,1998,4,0,FT,,,2026-02-27 00:01:51.060209+00,2026-02-27 00:01:51.060209+00
151052,132973,2019-11-15 19:45:00+00,79,2003,1966,0,3,FT,,,2026-02-27 00:01:51.060209+00,2026-02-27 00:01:51.060209+00
151053,132974,2019-11-16 14:00:00+00,79,1977,1964,1,2,FT,,,2026-02-27 00:01:51.060209+00,2026-02-27 00:01:51.060209+00
151078,132979,2019-11-16 19:45:00+00,79,1979,1901,0,0,FT,,,2026-02-27 00:01:51.060209+00,2026-02-27 00:01:51.060209+00
151079,132980,2019-11-16 19:45:00+00,79,1914,1981,4,0,FT,,,2026-02-27 00:01:51.060209+00,2026-02-27 00:01:51.060209+00
151080,132981,2019-11-16 19:45:00+00,79,1913,1970,3,1,FT,,,2026-02-27 00:01:51.060209+00,2026-02-27 00:01:51.060209+00
151081,132982,2019-11-16 19:45:00+00,79,1983,1911,1,2,FT,,,2026-02-27 00:01:51.060209+00,2026-02-27 00:01:51.060209+00
151082,132983,2019-11-16 19:45:00+00,79,1969,1984,2,1,FT,,,2026-02-27 00:01:51.060209+00,2026-02-27 00:01:51.060209+00
151083,132984,2019-11-17 14:00:00+00,79,1925,1973,2,2,FT,,,2026-02-27 00:01:51.060209+00,2026-02-27 00:01:51.060209+00
151084,132985,2019-11-17 14:00:00+00,79,1989,1922,0,2,FT,,,2026-02-27 00:01:51.060209+00,2026-02-27 00:01:51.060209+00
151085,132986,2019-11-17 17:00:00+00,79,2005,1902,0,4,FT,,,2026-02-27 00:01:51.060209+00,2026-02-27 00:01:51.060209+00
151086,132987,2019-11-17 17:00:00+00,79,1987,1971,1,0,FT,,,2026-02-27 00:01:51.060209+00,2026-02-27 00:01:51.060209+00
151087,132988,2019-11-17 19:45:00+00,79,1991,1993,1,2,FT,,,2026-02-27 00:01:51.060209+00,2026-02-27 00:01:51.060209+00
151088,132989,2019-11-17 19:45:00+00,79,1992,1974,0,2,FT,,,2026-02-27 00:01:51.060209+00,2026-02-27 00:01:51.060209+00
151089,132990,2019-11-17 19:45:00+00,79,1967,1928,0,2,FT,,,2026-02-27 00:01:51.060209+00,2026-02-27 00:01:51.060209+00
151090,132991,2019-11-18 19:45:00+00,79,1995,1908,1,1,FT,,,2026-02-27 00:01:51.060209+00,2026-02-27 00:01:51.060209+00
151091,132992,2019-11-18 19:45:00+00,79,1994,1918,1,6,FT,,,2026-02-27 00:01:51.060209+00,2026-02-27 00:01:51.060209+00
151092,132993,2019-11-18 19:45:00+00,79,1996,1998,3,0,FT,,,2026-02-27 00:01:51.060209+00,2026-02-27 00:01:51.060209+00
151093,132994,2019-11-18 19:45:00+00,79,1930,1972,5,0,FT,,,2026-02-27 00:01:51.060209+00,2026-02-27 00:01:51.060209+00
151094,132995,2019-11-18 19:45:00+00,79,1997,1999,1,2,FT,,,2026-02-27 00:01:51.060209+00,2026-02-27 00:01:51.060209+00
151095,132996,2019-11-18 19:45:00+00,79,2000,2003,0,3,FT,,,2026-02-27 00:01:51.060209+00,2026-02-27 00:01:51.060209+00
151118,132999,2019-11-19 19:45:00+00,79,1901,1980,5,0,FT,,,2026-02-27 00:01:51.060209+00,2026-02-27 00:01:51.060209+00
151119,133000,2019-11-19 19:45:00+00,79,1914,1979,6,1,FT,,,2026-02-27 00:01:51.060209+00,2026-02-27 00:01:51.060209+00
151120,133001,2019-11-19 19:45:00+00,79,1927,1965,2,0,FT,,,2026-02-27 00:01:51.060209+00,2026-02-27 00:01:51.060209+00
151121,133002,2019-11-19 19:45:00+00,79,1970,1982,2,0,FT,,,2026-02-27 00:01:51.060209+00,2026-02-27 00:01:51.060209+00
151122,133003,2019-11-19 19:45:00+00,79,1911,1968,3,2,FT,,,2026-02-27 00:01:51.060209+00,2026-02-27 00:01:51.060209+00
151123,133004,2019-11-19 19:45:00+00,79,1985,1969,1,0,FT,,,2026-02-27 00:01:51.060209+00,2026-02-27 00:01:51.060209+00
151124,133005,2019-11-19 19:45:00+00,79,1984,1983,1,0,FT,,,2026-02-27 00:01:51.060209+00,2026-02-27 00:01:51.060209+00
151125,133006,2019-11-19 19:45:00+00,79,1916,1977,6,1,FT,,,2026-02-27 00:01:51.060209+00,2026-02-27 00:01:51.060209+00
151126,133007,2019-11-19 19:45:00+00,79,1978,1986,0,5,FT,,,2026-02-27 00:01:51.060209+00,2026-02-27 00:01:51.060209+00
151127,133008,2019-11-19 19:45:00+00,79,1964,1976,3,1,FT,,,2026-02-27 00:01:51.060209+00,2026-02-27 00:01:51.060209+00
151128,569448,2020-10-08 16:00:00+00,79,1975,1981,1,0,FT,,,2026-02-27 00:01:51.060209+00,2026-02-27 00:01:51.060209+00
151129,569449,2020-10-08 18:45:00+00,79,1984,2005,2,1,FT,,,2026-02-27 00:01:51.060209+00,2026-02-27 00:01:51.060209+00
151130,569450,2020-10-08 18:45:00+00,79,1964,1983,0,0,PEN,,,2026-02-27 00:01:51.060209+00,2026-02-27 00:01:51.060209+00
151131,569451,2020-10-08 18:45:00+00,79,1999,1925,1,2,AET,,,2026-02-27 00:01:51.060209+00,2026-02-27 00:01:51.060209+00
151132,569452,2020-10-08 18:45:00+00,79,2003,1979,1,1,PEN,,,2026-02-27 00:01:51.060209+00,2026-02-27 00:01:51.060209+00
151133,569453,2020-10-08 18:45:00+00,79,1970,1995,0,0,PEN,,,2026-02-27 00:01:51.060209+00,2026-02-27 00:01:51.060209+00
151134,569454,2020-10-08 18:45:00+00,79,1993,1972,2,1,FT,,,2026-02-27 00:01:51.060209+00,2026-02-27 00:01:51.060209+00
151135,569455,2020-10-08 18:45:00+00,79,1987,1965,1,3,FT,,,2026-02-27 00:01:51.060209+00,2026-02-27 00:01:51.060209+00
151158,640596,2020-11-12 19:45:00+00,79,1979,1970,1,2,AET,F. Brych,,2026-02-27 00:01:51.060209+00,2026-03-23 19:23:32.705513+00
151136,640594,2020-11-12 17:00:00+00,79,1975,1984,0,1,FT,A. Taylor,,2026-02-27 00:01:51.060209+00,2026-03-23 19:23:33.863626+00
151159,640597,2020-11-12 19:45:00+00,79,1965,1993,2,1,FT,B. Kuipers,,2026-02-27 00:01:51.060209+00,2026-03-23 19:23:33.863626+00
153040,1146308,2024-06-27 22:00:00+00,81,1905,2632,3,1,FT,C. Garay,,2026-02-27 00:01:51.060209+00,2026-03-07 21:55:39.616047+00
153039,1146307,2024-06-26 01:00:00+00,81,2630,1906,0,1,FT,A. Matonte,,2026-02-27 00:01:51.060209+00,2026-03-07 21:55:41.91416+00
153036,1146304,2024-06-23 22:00:00+00,81,1926,2633,2,0,FT,M. Mariani,,2026-02-27 00:01:51.060209+00,2026-03-07 21:55:43.072532+00
153037,1146305,2024-06-24 01:00:00+00,81,1920,2634,3,1,FT,P. Maza,,2026-02-27 00:01:51.060209+00,2026-03-07 21:55:43.072532+00
153035,1146303,2024-06-23 01:00:00+00,81,1910,2632,1,0,FT,I. Elfath,,2026-02-27 00:01:51.060209+00,2026-03-07 21:55:45.371483+00
153034,1146302,2024-06-22 22:00:00+00,81,1905,2631,1,2,FT,W. Roldán,,2026-02-27 00:01:51.060209+00,2026-03-07 21:55:46.518419+00
153033,1146301,2024-06-22 00:00:00+00,81,2629,2630,0,0,FT,Wilton Pereira Sampaio,,2026-02-27 00:01:51.060209+00,2026-03-07 21:55:47.646344+00
153099,1222459,2024-07-06 22:00:00+00,81,2635,2634,5,0,FT,M. Mariani,,2026-02-27 00:01:51.060209+00,2026-03-07 21:55:28.057559+00
153098,1219958,2024-07-06 01:00:00+00,81,2631,1917,1,1,PEN,Wilton Pereira Sampaio,,2026-02-27 00:01:51.060209+00,2026-03-07 21:55:29.197445+00
153097,1219957,2024-07-05 01:00:00+00,81,1906,1905,1,1,PEN,A. Matonte,,2026-02-27 00:01:51.060209+00,2026-03-07 21:55:30.396266+00
153046,1146314,2024-07-01 00:00:00+00,81,2632,2631,0,3,FT,M. Mariani,,2026-02-27 00:01:51.060209+00,2026-03-07 21:55:33.862579+00
153047,1146315,2024-07-01 00:00:00+00,81,1910,1905,0,0,FT,M. Escobar,,2026-02-27 00:01:51.060209+00,2026-03-07 21:55:33.862579+00
153045,1146313,2024-06-30 00:00:00+00,81,1906,2629,2,0,FT,C. Ramos,,2026-02-27 00:01:51.060209+00,2026-03-07 21:55:37.301096+00
153044,1146312,2024-06-29 01:00:00+00,81,2636,1924,1,4,FT,P. Maza,,2026-02-27 00:01:51.060209+00,2026-03-07 21:55:38.438072+00
153050,1189122,2024-06-26 22:00:00+00,81,2629,1917,0,1,FT,M. Escobar,,2026-02-27 00:01:51.060209+00,2026-03-07 21:55:40.765694+00
153049,1189121,2024-06-25 01:00:00+00,81,1924,1931,0,0,FT,C. Ramos,,2026-02-27 00:01:51.060209+00,2026-03-07 21:55:43.072532+00
153048,1189120,2024-06-21 00:00:00+00,81,1906,1917,2,0,FT,J. Valenzuela,,2026-02-27 00:01:51.060209+00,2026-03-07 21:55:48.78353+00
153400,723369,2021-07-11 00:00:00+00,81,1906,1924,1,0,FT,E. Ostojich,,2026-02-27 00:01:51.060209+00,2026-03-10 12:10:36.767883+00
153103,1234029,2024-07-14 00:00:00+00,81,1917,1920,2,2,PEN,A. Herrera,,2026-02-27 00:01:51.060209+00,2026-03-07 21:55:16.517001+00
153102,1227538,2024-07-11 00:00:00+00,81,1920,2635,0,1,FT,C. Ramos,,2026-02-27 00:01:51.060209+00,2026-03-07 21:55:22.350552+00
153101,1227537,2024-07-10 00:00:00+00,81,1906,1917,2,0,FT,P. Maza,,2026-02-27 00:01:51.060209+00,2026-03-07 21:55:23.489105+00
150714,132777,2019-03-23 17:00:00+00,79,1994,1995,0,1,FT,,,2026-02-27 00:01:51.060209+00,2026-02-27 00:01:51.060209+00
150715,132778,2019-03-23 17:00:00+00,79,1996,1972,2,1,FT,,,2026-02-27 00:01:51.060209+00,2026-02-27 00:01:51.060209+00
150755,132799,2019-03-25 19:45:00+00,79,1928,1993,4,0,FT,,,2026-02-27 00:01:51.060209+00,2026-02-27 00:01:51.060209+00
150761,132802,2019-03-26 19:45:00+00,79,1918,1908,3,3,FT,,,2026-02-27 00:01:51.060209+00,2026-02-27 00:01:51.060209+00
150762,132803,2019-03-26 19:45:00+00,79,1995,1975,1,0,FT,,,2026-02-27 00:01:51.060209+00,2026-02-27 00:01:51.060209+00
150763,132804,2019-03-26 19:45:00+00,79,1972,1998,4,1,FT,,,2026-02-27 00:01:51.060209+00,2026-02-27 00:01:51.060209+00
150764,132805,2019-03-26 19:45:00+00,79,1999,1996,3,3,FT,,,2026-02-27 00:01:51.060209+00,2026-02-27 00:01:51.060209+00
150765,132806,2019-03-26 19:45:00+00,79,1997,1930,0,2,FT,,,2026-02-27 00:01:51.060209+00,2026-02-27 00:01:51.060209+00
150794,132837,2019-06-10 18:45:00+00,79,1925,1990,4,1,FT,,,2026-02-27 00:01:51.060209+00,2026-02-27 00:01:51.060209+00
150795,132839,2019-06-10 18:45:00+00,79,1908,1975,5,1,FT,,,2026-02-27 00:01:51.060209+00,2026-02-27 00:01:51.060209+00
150796,132840,2019-06-10 18:45:00+00,79,1930,1996,3,0,FT,,,2026-02-27 00:01:51.060209+00,2026-02-27 00:01:51.060209+00
150797,132843,2019-06-10 18:45:00+00,79,1911,1983,4,0,FT,,,2026-02-27 00:01:51.060209+00,2026-02-27 00:01:51.060209+00
150816,132857,2019-06-11 18:45:00+00,79,1966,2003,2,1,FT,,,2026-02-27 00:01:51.060209+00,2026-02-27 00:01:51.060209+00
150817,132858,2019-06-11 18:45:00+00,79,2001,2004,2,3,FT,,,2026-02-27 00:01:51.060209+00,2026-02-27 00:01:51.060209+00
150857,132878,2019-09-07 16:00:00+00,79,1902,1987,4,0,FT,,,2026-02-27 00:01:51.060209+00,2026-02-27 00:01:51.060209+00
150897,132901,2019-09-09 18:45:00+00,79,1986,1976,1,0,FT,,,2026-02-27 00:01:51.060209+00,2026-02-27 00:01:51.060209+00
150937,132918,2019-10-10 18:45:00+00,79,1916,1978,9,0,FT,,,2026-02-27 00:01:51.060209+00,2026-02-27 00:01:51.060209+00
150961,132922,2019-10-11 18:45:00+00,79,1922,1989,3,0,FT,,,2026-02-27 00:01:51.060209+00,2026-02-27 00:01:51.060209+00
150962,132923,2019-10-11 18:45:00+00,79,1974,1967,1,0,FT,,,2026-02-27 00:01:51.060209+00,2026-02-27 00:01:51.060209+00
150963,132924,2019-10-11 18:45:00+00,79,1993,1928,0,1,FT,,,2026-02-27 00:01:51.060209+00,2026-02-27 00:01:51.060209+00
150964,132925,2019-10-11 18:45:00+00,79,1992,1991,1,0,FT,,,2026-02-27 00:01:51.060209+00,2026-02-27 00:01:51.060209+00
150965,132926,2019-10-12 13:00:00+00,79,1975,1995,0,0,FT,,,2026-02-27 00:01:51.060209+00,2026-02-27 00:01:51.060209+00
150966,132927,2019-10-12 16:00:00+00,79,1908,1918,1,0,FT,,,2026-02-27 00:01:51.060209+00,2026-02-27 00:01:51.060209+00
150967,132928,2019-10-12 16:00:00+00,79,1998,1972,0,3,FT,,,2026-02-27 00:01:51.060209+00,2026-02-27 00:01:51.060209+00
150968,132929,2019-10-12 16:00:00+00,79,2003,2002,4,1,FT,,,2026-02-27 00:01:51.060209+00,2026-02-27 00:01:51.060209+00
150969,132930,2019-10-12 18:45:00+00,79,1999,1930,1,1,FT,,,2026-02-27 00:01:51.060209+00,2026-02-27 00:01:51.060209+00
150970,132931,2019-10-12 18:45:00+00,79,1997,1996,0,4,FT,,,2026-02-27 00:01:51.060209+00,2026-02-27 00:01:51.060209+00
150971,132932,2019-10-12 18:45:00+00,79,2000,2004,1,1,FT,,,2026-02-27 00:01:51.060209+00,2026-02-27 00:01:51.060209+00
150972,132933,2019-10-12 18:45:00+00,79,1966,2001,2,0,FT,,,2026-02-27 00:01:51.060209+00,2026-02-27 00:01:51.060209+00
150973,132934,2019-10-13 13:00:00+00,79,1976,1916,0,2,FT,,,2026-02-27 00:01:51.060209+00,2026-02-27 00:01:51.060209+00
150974,132935,2019-10-13 16:00:00+00,79,1981,1901,1,2,FT,,,2026-02-27 00:01:51.060209+00,2026-02-27 00:01:51.060209+00
150975,132936,2019-10-13 16:00:00+00,79,1965,1982,1,0,FT,,,2026-02-27 00:01:51.060209+00,2026-02-27 00:01:51.060209+00
150976,132937,2019-10-13 16:00:00+00,79,1964,1978,6,0,FT,,,2026-02-27 00:01:51.060209+00,2026-02-27 00:01:51.060209+00
151014,132955,2019-10-15 18:45:00+00,79,1998,1997,1,0,FT,,,2026-02-27 00:01:51.060209+00,2026-02-27 00:01:51.060209+00
151015,132956,2019-10-15 18:45:00+00,79,1983,1985,3,1,FT,,,2026-02-27 00:01:51.060209+00,2026-02-27 00:01:51.060209+00
151016,132957,2019-10-15 18:45:00+00,79,2000,1966,0,5,FT,,,2026-02-27 00:01:51.060209+00,2026-02-27 00:01:51.060209+00
150290,976534,2022-12-04 19:00:00+00,78,1902,1900,3,0,FT,Ivan Cisneros,,2026-02-27 00:01:51.060209+00,2026-03-07 22:30:36.718543+00
150291,976642,2022-12-03 19:00:00+00,78,1906,1929,2,1,FT,S. Marciniak,,2026-02-27 00:01:51.060209+00,2026-03-07 22:30:37.874083+00
150289,976533,2022-12-03 15:00:00+00,78,1901,1926,3,1,FT,Wilton Pereira Sampaio,,2026-02-27 00:01:51.060209+00,2026-03-07 22:30:39.003746+00
150284,855769,2022-12-02 15:00:00+00,78,1921,1922,2,1,FT,F. Tello,,2026-02-27 00:01:51.060209+00,2026-03-07 22:30:41.301631+00
150285,855770,2022-12-02 15:00:00+00,78,1923,1920,0,2,FT,D. Siebert,,2026-02-27 00:01:51.060209+00,2026-03-07 22:30:41.301631+00
150283,855768,2022-12-01 19:00:00+00,78,1915,1930,2,1,FT,V. Gomes,,2026-02-27 00:01:51.060209+00,2026-03-07 22:30:42.429551+00
150288,871855,2022-12-01 19:00:00+00,78,1931,1914,2,4,FT,S. Frappart,,2026-02-27 00:01:51.060209+00,2026-03-07 22:30:42.429551+00
150280,871854,2022-11-30 15:00:00+00,78,1929,1908,1,0,FT,M. Ghorbal,,2026-02-27 00:01:51.060209+00,2026-03-07 22:30:43.584717+00
150279,871853,2022-11-27 10:00:00+00,78,1915,1931,0,1,FT,M. Oliver,,2026-02-27 00:01:51.060209+00,2026-03-07 22:30:48.152741+00
151017,132958,2019-10-15 18:45:00+00,79,2001,2003,2,1,FT,,,2026-02-27 00:01:51.060209+00,2026-02-27 00:01:51.060209+00
151056,132977,2019-11-16 17:00:00+00,79,1978,1976,1,3,FT,,,2026-02-27 00:01:51.060209+00,2026-02-27 00:01:51.060209+00
151057,132978,2019-11-16 17:00:00+00,79,1986,1916,1,4,FT,,,2026-02-27 00:01:51.060209+00,2026-02-27 00:01:51.060209+00
151097,132998,2019-11-18 19:45:00+00,79,2001,2002,2,1,FT,,,2026-02-27 00:01:51.060209+00,2026-02-27 00:01:51.060209+00
151212,657706,2021-06-23 16:00:00+00,79,1996,1911,3,2,FT,M. Oliver,,2026-02-27 00:01:51.060209+00,2026-03-10 12:11:05.84151+00
151213,657707,2021-06-23 16:00:00+00,79,1970,1930,0,5,FT,B. Kuipers,,2026-02-27 00:01:51.060209+00,2026-03-10 12:11:05.84151+00
151214,657708,2021-06-23 19:00:00+00,79,1922,1928,2,2,FT,Antonio Mateu,,2026-02-27 00:01:51.060209+00,2026-03-10 12:11:05.84151+00
151215,657709,2021-06-23 19:00:00+00,79,1914,1965,2,2,FT,S. Karasev,,2026-02-27 00:01:51.060209+00,2026-03-10 12:11:05.84151+00
151210,657704,2021-06-22 19:00:00+00,79,1913,1964,3,1,FT,F. Rapallini,,2026-02-27 00:01:51.060209+00,2026-03-10 12:11:07.03568+00
151211,657705,2021-06-22 19:00:00+00,79,1971,1902,0,1,FT,Artur Soares Dias,,2026-02-27 00:01:51.060209+00,2026-03-10 12:11:07.03568+00
151206,657700,2021-06-21 16:00:00+00,79,1973,1969,0,1,FT,C. Çakιr,,2026-02-27 00:01:51.060209+00,2026-03-10 12:11:08.241879+00
151207,657701,2021-06-21 16:00:00+00,79,1984,1901,0,3,FT,I. Kovacs,,2026-02-27 00:01:51.060209+00,2026-03-10 12:11:08.241879+00
151208,657702,2021-06-21 19:00:00+00,79,1986,1908,1,4,FT,C. Turpin,,2026-02-27 00:01:51.060209+00,2026-03-10 12:11:08.241879+00
151209,657703,2021-06-21 19:00:00+00,79,2002,1916,0,2,FT,F. Brych,,2026-02-27 00:01:51.060209+00,2026-03-10 12:11:08.241879+00
151204,657698,2021-06-20 16:00:00+00,79,1918,1974,3,1,FT,S. Vinčić,,2026-02-27 00:01:51.060209+00,2026-03-10 12:11:09.471374+00
151205,657699,2021-06-20 16:00:00+00,79,1966,1927,1,0,FT,O. Hațegan,,2026-02-27 00:01:51.060209+00,2026-03-10 12:11:09.471374+00
151203,657697,2021-06-19 19:00:00+00,79,1930,1911,1,1,FT,D. Orsato,,2026-02-27 00:01:51.060209+00,2026-03-10 12:11:11.854424+00
151201,657695,2021-06-19 13:00:00+00,79,1965,1928,1,1,FT,M. Oliver,,2026-02-27 00:01:51.060209+00,2026-03-10 12:11:13.037083+00
151202,657696,2021-06-19 16:00:00+00,79,1922,1914,2,4,FT,A. Taylor,,2026-02-27 00:01:51.060209+00,2026-03-10 12:11:13.037083+00
151177,657691,2021-06-17 19:00:00+00,79,1901,1969,2,0,FT,O. Grinfeeld,,2026-02-27 00:01:51.060209+00,2026-03-10 12:11:15.371431+00
151137,640595,2020-11-12 19:45:00+00,79,1925,1964,1,1,PEN,Antonio Mateu,,2026-02-27 00:01:51.060209+00,2026-03-23 19:23:33.863626+00
150504,1215075,2024-06-30 19:00:00+00,79,1930,1975,4,1,FT,F. Letexier,,2026-02-27 00:01:51.060209+00,2026-03-07 21:55:35.023391+00
150463,1189849,2024-06-21 13:00:00+00,79,1970,1973,1,2,FT,M. Oliver,,2026-02-27 00:01:51.060209+00,2026-03-07 21:55:48.78353+00
150464,1189850,2024-06-21 16:00:00+00,79,1911,1969,1,3,FT,H. Meler,,2026-02-27 00:01:51.060209+00,2026-03-07 21:55:48.78353+00
153052,1189124,2024-06-30 00:00:00+00,81,1917,2630,0,0,FT,W. Roldán,,2026-02-27 00:01:51.060209+00,2026-03-07 21:55:36.164243+00
153051,1189123,2024-06-29 22:00:00+00,81,2635,1931,3,0,FT,G. Tejera,,2026-02-27 00:01:51.060209+00,2026-03-07 21:55:37.301096+00
379823,1489378,2026-06-16 01:00:00+00,78,1903,2951,,,NS,,,2026-02-27 00:01:51.060209+00,2026-03-03 10:55:50.062283+00
379824,1489383,2026-06-16 19:00:00+00,78,1928,1900,,,NS,,,2026-02-27 00:01:51.060209+00,2026-03-03 10:55:50.062283+00
379825,1489381,2026-06-17 01:00:00+00,78,1906,2717,,,NS,,,2026-02-27 00:01:51.060209+00,2026-03-03 10:55:50.062283+00
379826,1489382,2026-06-17 04:00:00+00,78,1969,2782,,,NS,,,2026-02-27 00:01:51.060209+00,2026-03-03 10:55:50.062283+00
379856,1489416,2026-06-26 19:00:00+00,78,1999,1928,,,NS,,,2026-02-27 00:01:51.060209+00,2026-03-03 10:55:50.062283+00
379857,1489417,2026-06-27 00:00:00+00,78,1920,1930,,,NS,,,2026-02-27 00:01:51.060209+00,2026-03-03 10:55:50.062283+00
379858,1489413,2026-06-27 00:00:00+00,78,2714,1907,,,NS,,,2026-02-27 00:01:51.060209+00,2026-03-03 10:55:50.062283+00
379859,1489414,2026-06-27 03:00:00+00,78,2712,1903,,,NS,,,2026-02-27 00:01:51.060209+00,2026-03-03 10:55:50.062283+00
379860,1489415,2026-06-27 03:00:00+00,78,2951,1916,,,NS,,,2026-02-27 00:01:51.060209+00,2026-03-03 10:55:50.062283+00
379861,1489420,2026-06-27 21:00:00+00,78,1913,1923,,,NS,,,2026-02-27 00:01:51.060209+00,2026-03-03 10:55:50.062283+00
379862,1489422,2026-06-27 21:00:00+00,78,2634,1902,,,NS,,,2026-02-27 00:01:51.060209+00,2026-03-03 10:55:50.062283+00
379863,1489419,2026-06-27 23:30:00+00,78,2635,1922,,,NS,,,2026-02-27 00:01:51.060209+00,2026-03-03 10:55:50.062283+00
379864,1489418,2026-06-28 02:00:00+00,78,2717,1969,,,NS,,,2026-02-27 00:01:51.060209+00,2026-03-03 10:55:50.062283+00
379865,1489421,2026-06-28 02:00:00+00,78,2782,1906,,,NS,,,2026-02-27 00:01:51.060209+00,2026-03-03 10:55:50.062283+00
379855,1489411,2026-06-26 02:00:00+00,78,2636,1929,,,NS,,,2026-02-27 00:01:51.060209+00,2026-03-03 10:55:50.062283+00
379812,1489369,2026-06-11 19:00:00+00,78,1910,2723,,,NS,,,2026-02-27 00:01:51.060209+00,2026-03-03 10:55:50.062283+00
379813,1489370,2026-06-13 01:00:00+00,78,1926,2636,,,NS,,,2026-02-27 00:01:51.060209+00,2026-03-03 10:55:50.062283+00
379814,1489373,2026-06-13 19:00:00+00,78,1904,1918,,,NS,,,2026-02-27 00:01:51.060209+00,2026-03-03 10:55:50.062283+00
379815,1489371,2026-06-13 22:00:00+00,78,1924,1912,,,NS,,,2026-02-27 00:01:51.060209+00,2026-03-03 10:55:50.062283+00
379816,1489372,2026-06-14 01:00:00+00,78,2843,1964,,,NS,,,2026-02-27 00:01:51.060209+00,2026-03-03 10:55:50.062283+00
379817,1489374,2026-06-14 17:00:00+00,78,1914,2840,,,NS,,,2026-02-27 00:01:51.060209+00,2026-03-03 10:55:50.062283+00
379818,1489376,2026-06-14 20:00:00+00,78,1901,1915,,,NS,,,2026-02-27 00:01:51.060209+00,2026-03-03 10:55:50.062283+00
379819,1489375,2026-06-14 23:00:00+00,78,2708,1905,,,NS,,,2026-02-27 00:01:51.060209+00,2026-03-03 10:55:50.062283+00
379820,1489380,2026-06-15 16:00:00+00,78,1930,2714,,,NS,,,2026-02-27 00:01:51.060209+00,2026-03-03 10:55:50.062283+00
379821,1489377,2026-06-15 19:00:00+00,78,1916,2712,,,NS,,,2026-02-27 00:01:51.060209+00,2026-03-03 10:55:50.062283+00
379822,1489379,2026-06-15 22:00:00+00,78,1907,1920,,,NS,,,2026-02-27 00:01:51.060209+00,2026-03-03 10:55:50.062283+00
379831,1489388,2026-06-19 01:00:00+00,78,1910,1921,,,NS,,,2026-02-27 00:01:51.060209+00,2026-03-03 10:55:50.062283+00
379832,1489391,2026-06-19 19:00:00+00,78,1926,1929,,,NS,,,2026-02-27 00:01:51.060209+00,2026-03-03 10:55:50.062283+00
379833,1489390,2026-06-19 22:00:00+00,78,1964,1912,,,NS,,,2026-02-27 00:01:51.060209+00,2026-03-03 10:55:50.062283+00
379834,1489389,2026-06-20 01:00:00+00,78,1924,2843,,,NS,,,2026-02-27 00:01:51.060209+00,2026-03-03 10:55:50.062283+00
379835,1489393,2026-06-20 20:00:00+00,78,1914,2708,,,NS,,,2026-02-27 00:01:51.060209+00,2026-03-03 10:55:50.062283+00
379844,1489400,2026-06-23 03:00:00+00,78,2782,2717,,,NS,,,2026-02-27 00:01:51.060209+00,2026-03-03 10:55:50.062283+00
379845,1489404,2026-06-23 17:00:00+00,78,1922,2772,,,NS,,,2026-02-27 00:01:51.060209+00,2026-03-03 10:55:50.062283+00
379846,1489402,2026-06-23 20:00:00+00,78,1902,1923,,,NS,,,2026-02-27 00:01:51.060209+00,2026-03-03 10:55:50.062283+00
379847,1489403,2026-06-23 23:00:00+00,78,2634,1913,,,NS,,,2026-02-27 00:01:51.060209+00,2026-03-03 10:55:50.062283+00
379848,1489408,2026-06-24 19:00:00+00,78,1918,1917,,,NS,,,2026-02-27 00:01:51.060209+00,2026-03-03 10:55:50.062283+00
379849,1489405,2026-06-24 22:00:00+00,78,1912,2843,,,NS,,,2026-02-27 00:01:51.060209+00,2026-03-03 10:55:50.062283+00
379850,1489406,2026-06-24 22:00:00+00,78,1964,1924,,,NS,,,2026-02-27 00:01:51.060209+00,2026-03-03 10:55:50.062283+00
379851,1489407,2026-06-25 01:00:00+00,78,2723,1921,,,NS,,,2026-02-27 00:01:51.060209+00,2026-03-03 10:55:50.062283+00
379852,1489410,2026-06-25 20:00:00+00,78,1905,1914,,,NS,,,2026-02-27 00:01:51.060209+00,2026-03-03 10:55:50.062283+00
379853,1489409,2026-06-25 20:00:00+00,78,2840,2708,,,NS,,,2026-02-27 00:01:51.060209+00,2026-03-03 10:55:50.062283+00
379854,1489412,2026-06-25 23:00:00+00,78,1909,1901,,,NS,,,2026-02-27 00:01:51.060209+00,2026-03-03 10:55:50.062283+00
379836,1489392,2026-06-21 00:00:00+00,78,1905,2840,,,NS,,,2026-02-27 00:01:51.060209+00,2026-03-03 10:55:50.062283+00
379837,1489394,2026-06-21 04:00:00+00,78,1909,1915,,,NS,,,2026-02-27 00:01:51.060209+00,2026-03-03 10:55:50.062283+00
379838,1489397,2026-06-21 16:00:00+00,78,1930,1907,,,NS,,,2026-02-27 00:01:51.060209+00,2026-03-03 10:55:50.062283+00
379839,1489395,2026-06-21 19:00:00+00,78,1916,1903,,,NS,,,2026-02-27 00:01:51.060209+00,2026-03-03 10:55:50.062283+00
379840,1489398,2026-06-21 22:00:00+00,78,1920,2714,,,NS,,,2026-02-27 00:01:51.060209+00,2026-03-03 10:55:50.062283+00
379841,1489396,2026-06-22 01:00:00+00,78,2951,2712,,,NS,,,2026-02-27 00:01:51.060209+00,2026-03-03 10:55:50.062283+00
379842,1489399,2026-06-22 17:00:00+00,78,1906,1969,,,NS,,,2026-02-27 00:01:51.060209+00,2026-03-03 10:55:50.062283+00
379843,1489401,2026-06-23 00:00:00+00,78,1999,1900,,,NS,,,2026-02-27 00:01:51.060209+00,2026-03-03 10:55:50.062283+00
379827,1489384,2026-06-17 20:00:00+00,78,1902,1913,,,NS,,,2026-02-27 00:01:51.060209+00,2026-03-03 10:55:50.062283+00
379828,1489385,2026-06-17 23:00:00+00,78,1923,2634,,,NS,,,2026-02-27 00:01:51.060209+00,2026-03-03 10:55:50.062283+00
379829,1489386,2026-06-18 02:00:00+00,78,2772,2635,,,NS,,,2026-02-27 00:01:51.060209+00,2026-03-03 10:55:50.062283+00
379830,1489387,2026-06-18 22:00:00+00,78,1917,1904,,,NS,,,2026-02-27 00:01:51.060209+00,2026-03-03 10:55:50.062283+00
150535,1232551,2024-07-14 19:00:00+00,79,1930,1902,2,1,FT,F. Letexier,,2026-02-27 00:01:51.060209+00,2026-03-07 21:55:14.185495+00
153104,1234030,2024-07-15 00:30:00+00,81,1906,2635,1,0,AET,Raphael Claus,,2026-02-27 00:01:51.060209+00,2026-03-07 21:55:14.185495+00
153100,1222460,2024-07-07 01:00:00+00,81,1920,1924,0,0,PEN,D. Herrera,,2026-02-27 00:01:51.060209+00,2026-03-07 21:55:26.914999+00
150532,1220308,2024-07-06 19:00:00+00,79,1901,1974,2,1,FT,C. Turpin,,2026-02-27 00:01:51.060209+00,2026-03-07 21:55:28.057559+00
150531,1219959,2024-07-05 19:00:00+00,79,1922,1928,0,0,PEN,M. Oliver,,2026-02-27 00:01:51.060209+00,2026-03-07 21:55:30.396266+00
153095,1146318,2024-07-03 01:00:00+00,81,1924,2635,1,1,FT,J. Valenzuela,,2026-02-27 00:01:51.060209+00,2026-03-07 21:55:32.707133+00
153096,1189125,2024-07-03 01:00:00+00,81,1931,2636,2,1,FT,Y. Falcón,,2026-02-27 00:01:51.060209+00,2026-03-07 21:55:32.707133+00
150527,1215077,2024-07-02 16:00:00+00,79,1972,1901,0,3,FT,F. Zwayer,,2026-02-27 00:01:51.060209+00,2026-03-07 21:55:33.862579+00
153093,1146316,2024-07-02 01:00:00+00,81,2633,2634,1,3,FT,Edina Alves Batista,,2026-02-27 00:01:51.060209+00,2026-03-07 21:55:33.862579+00
153094,1146317,2024-07-02 01:00:00+00,81,1926,1920,0,1,FT,K. Ortega,,2026-02-27 00:01:51.060209+00,2026-03-07 21:55:33.862579+00
153042,1146310,2024-06-28 22:00:00+00,81,2634,1926,2,1,FT,I. Barton,,2026-02-27 00:01:51.060209+00,2026-03-07 21:55:38.438072+00
153041,1146309,2024-06-27 01:00:00+00,81,2631,1910,1,0,FT,Raphael Claus,,2026-02-27 00:01:51.060209+00,2026-03-07 21:55:39.616047+00
153043,1146311,2024-06-28 01:00:00+00,81,1920,2633,5,0,FT,J. Benítez,,2026-02-27 00:01:51.060209+00,2026-03-07 21:55:39.616047+00
150495,1145534,2024-06-26 16:00:00+00,79,1970,1972,1,1,FT,D. Siebert,,2026-02-27 00:01:51.060209+00,2026-03-07 21:55:40.765694+00
150496,1145535,2024-06-26 19:00:00+00,79,1971,1974,1,2,FT,I. Kovács,,2026-02-27 00:01:51.060209+00,2026-03-07 21:55:40.765694+00
150499,1189853,2024-06-26 16:00:00+00,79,1973,1916,0,0,FT,A. Taylor,,2026-02-27 00:01:51.060209+00,2026-03-07 21:55:40.765694+00
150494,1145533,2024-06-25 16:00:00+00,79,1901,1969,2,3,FT,I. Kružliak,,2026-02-27 00:01:51.060209+00,2026-03-07 21:55:43.072532+00
150498,1189852,2024-06-25 16:00:00+00,79,1928,1911,1,1,FT,M. Guida,,2026-02-27 00:01:51.060209+00,2026-03-07 21:55:43.072532+00
153038,1146306,2024-06-24 22:00:00+00,81,2635,2636,2,1,FT,D. Herrera,,2026-02-27 00:01:51.060209+00,2026-03-07 21:55:43.072532+00
150458,1145522,2024-06-20 16:00:00+00,79,1908,1902,1,1,FT,Artur Soares Dias,,2026-02-27 00:01:51.060209+00,2026-03-07 21:55:48.78353+00
150459,1145523,2024-06-20 13:00:00+00,79,1968,1925,1,1,FT,I. Kovács,,2026-02-27 00:01:51.060209+00,2026-03-07 21:55:48.78353+00
150456,1145520,2024-06-19 13:00:00+00,79,1913,1967,2,2,FT,F. Letexier,,2026-02-27 00:01:51.060209+00,2026-03-07 21:55:51.087466+00
150462,1189848,2024-06-18 16:00:00+00,79,1974,1975,3,1,FT,F. Tello,,2026-02-27 00:01:51.060209+00,2026-03-07 21:55:51.087466+00
150451,1145515,2024-06-17 19:00:00+00,79,1969,1928,0,1,FT,Gil Manzano,,2026-02-27 00:01:51.060209+00,2026-03-07 21:55:52.253981+00
150452,1145516,2024-06-17 16:00:00+00,79,1916,1970,0,1,FT,H. Meler,,2026-02-27 00:01:51.060209+00,2026-03-07 21:55:52.253981+00
150461,1189847,2024-06-17 13:00:00+00,79,1972,1973,3,0,FT,G. Nyberg,,2026-02-27 00:01:51.060209+00,2026-03-07 21:55:52.253981+00
150449,1145513,2024-06-16 16:00:00+00,79,1968,1908,1,1,FT,S. Schärer,,2026-02-27 00:01:51.060209+00,2026-03-07 21:55:53.412977+00
150450,1145514,2024-06-16 19:00:00+00,79,1925,1902,0,1,FT,D. Orsato,,2026-02-27 00:01:51.060209+00,2026-03-07 21:55:53.412977+00
150460,1189846,2024-06-16 13:00:00+00,79,1911,1901,1,2,FT,Artur Soares Dias,,2026-02-27 00:01:51.060209+00,2026-03-07 21:55:53.412977+00
150324,979139,2022-12-18 15:00:00+00,78,1906,1928,3,3,PEN,S. Marciniak,,2026-02-27 00:01:51.060209+00,2026-03-07 22:30:19.507686+00
150321,978279,2022-12-13 19:00:00+00,78,1906,1913,3,0,FT,D. Orsato,,2026-02-27 00:01:51.060209+00,2026-03-07 22:30:25.212785+00
150322,978488,2022-12-14 19:00:00+00,78,1928,1912,2,0,FT,C. Ramos,,2026-02-27 00:01:51.060209+00,2026-03-07 22:30:25.212785+00
150298,978036,2022-12-10 19:00:00+00,78,1902,1928,1,2,FT,Wilton Pereira Sampaio,,2026-02-27 00:01:51.060209+00,2026-03-07 22:30:29.744415+00
150294,977345,2022-12-06 15:00:00+00,78,1912,1930,0,0,PEN,F. Rapallini,,2026-02-27 00:01:51.060209+00,2026-03-07 22:30:35.555389+00
150296,977706,2022-12-06 19:00:00+00,78,1922,1918,6,1,FT,C. Ramos,,2026-02-27 00:01:51.060209+00,2026-03-07 22:30:35.555389+00
150292,976643,2022-12-04 15:00:00+00,78,1928,1911,3,1,FT,J. Valenzuela,,2026-02-27 00:01:51.060209+00,2026-03-07 22:30:36.718543+00
150293,977344,2022-12-05 15:00:00+00,78,1915,1913,1,1,PEN,I. Elfath,,2026-02-27 00:01:51.060209+00,2026-03-07 22:30:36.718543+00
150286,855771,2022-12-02 19:00:00+00,78,1919,1924,1,0,FT,I. Elfath,,2026-02-27 00:01:51.060209+00,2026-03-07 22:30:41.301631+00
150287,855772,2022-12-02 19:00:00+00,78,1925,1918,2,3,FT,F. Rapallini,,2026-02-27 00:01:51.060209+00,2026-03-07 22:30:41.301631+00
150282,855767,2022-12-01 15:00:00+00,78,1917,1912,1,2,FT,Raphael Claus,,2026-02-27 00:01:51.060209+00,2026-03-07 22:30:42.429551+00
150274,855763,2022-11-30 15:00:00+00,78,1909,1928,1,0,FT,M. Conger,,2026-02-27 00:01:51.060209+00,2026-03-07 22:30:43.584717+00
150275,855764,2022-11-30 19:00:00+00,78,1911,1906,0,2,FT,D. Makkelie,,2026-02-27 00:01:51.060209+00,2026-03-07 22:30:43.584717+00
150276,855765,2022-11-30 19:00:00+00,78,1907,1910,1,2,FT,M. Oliver,,2026-02-27 00:01:51.060209+00,2026-03-07 22:30:43.584717+00
150273,855762,2022-11-29 19:00:00+00,78,1903,1926,0,1,FT,Antonio Mateu,,2026-02-27 00:01:51.060209+00,2026-03-07 22:30:44.752393+00
150277,866683,2022-11-29 19:00:00+00,78,1927,1902,0,3,FT,S. Vinčić,,2026-02-27 00:01:51.060209+00,2026-03-07 22:30:44.752393+00
150269,855758,2022-11-28 16:00:00+00,78,1924,1918,1,0,FT,Ivan Cisneros,,2026-02-27 00:01:51.060209+00,2026-03-07 22:30:45.874188+00
150254,855747,2022-11-25 13:00:00+00,78,1904,1900,1,3,FT,Antonio Mateu,,2026-02-27 00:01:51.060209+00,2026-03-07 22:30:50.411548+00
150255,855748,2022-11-25 16:00:00+00,78,1901,1905,1,1,FT,M. Ghorbal,,2026-02-27 00:01:51.060209+00,2026-03-07 22:30:50.411548+00
150256,855749,2022-11-25 19:00:00+00,78,1902,1926,0,0,FT,J. Valenzuela,,2026-02-27 00:01:51.060209+00,2026-03-07 22:30:50.411548+00
150252,855745,2022-11-24 16:00:00+00,78,1922,1923,3,2,FT,I. Elfath,,2026-02-27 00:01:51.060209+00,2026-03-07 22:30:51.550111+00
150253,855746,2022-11-24 19:00:00+00,78,1924,1925,2,0,FT,A. Faghani,,2026-02-27 00:01:51.060209+00,2026-03-07 22:30:51.550111+00
150241,855734,2022-11-21 16:00:00+00,78,1900,1901,0,2,FT,Wilton Pereira Sampaio,,2026-02-27 00:01:51.060209+00,2026-03-07 22:30:52.695501+00
150247,855740,2022-11-23 10:00:00+00,78,1912,1913,0,0,FT,F. Rapallini,,2026-02-27 00:01:51.060209+00,2026-03-07 22:30:52.695501+00
150248,855741,2022-11-23 13:00:00+00,78,1914,1915,1,2,FT,Ivan Cisneros,,2026-02-27 00:01:51.060209+00,2026-03-07 22:30:52.695501+00
150257,866681,2022-11-21 19:00:00+00,78,1926,1927,1,1,FT,Abdulrahman Al Jassim,,2026-02-27 00:01:51.060209+00,2026-03-07 22:30:52.695501+00
